,stop_name,number_of_distinct_route_ids
264,Brankov Most,24
118,Karađorđev Park,23
462,Sajam,23
469,Ada Ciganlija,23
117,Karađorđev Park,22
461,Sajam,22
116,Trg Slavija /Bulevar Oslobođenja/,21
667,Trg Republike,20
464,Ruska,20
604,Franše Deperea,20
465,Gospodarska Mehana,18
155,Kijevska,17
165,Terazije,17
153,Dom Zdravlja,17
151,Škola Josif Pančić,17
709,Franše Deperea,16
154,Kijevska,16
152,Dom Zdravlja,16
150,Škola Josif Pančić,16
459,Mostar,16
237,Miloša Pocerca,16
331,Palata Srbija,16
1388,"Oš ""Dragojlo Dudić""",15
335,Blok 30,15
326,Zeleni Venac,15
328,Šest Kaplara,15
330,Palata Srbija,15
668,Pionirski Park,15
333,Španskih Boraca,15
1384,Bajdina,15
463,Ruska,15
467,Petlja Radnička,15
367,Bulevar Zorana Đinđića,15
370,Go Novi Beograd,15
340,Bulevar Maršala Tolbuhina,15
339,Bulevar Maršala Tolbuhina,15
338,Arhiv,15
317,Czk Vlada Divljan,14
332,Španskih Boraca,14
1083,Železnička Stanica Tošin Bunar,14
702,Miška Kranjca,14
336,Go Novi Beograd,14
316,Czk Vlada Divljan,14
1386,Mirijevska,14
327,Brankov Most,14
325,Zeleni Venac,14
148,Kneza Višeslava,14
368,Bulevar Zorana Đinđića,14
329,Šest Kaplara,13
157,Trebevićka,13
819,Paunova,13
115,Trg Slavija /Bulevar Oslobođenja/,13
837,Miljakovac 1,13
337,Arhiv,13
701,Miška Kranjca,13
260,Kragujevačkih Đaka,13
460,Mostar,13
258,Baštovanska,13
1387,"Oš ""Dragojlo Dudić""",13
238,Višegradska,13
471,Kirovljeva,13
236,Birčaninova,13
420,Ulaz U Pariske Komune,13
422,Fontana,13
334,Blok 30,13
1385,Mirijevska,13
369,Go Novi Beograd,13
1383,Bajdina,13
839,Go Rakovica,12
836,Miljakovac 1,12
834,Stanka Paunovića,12
257,Baštovanska,12
259,Kragujevačkih Đaka,12
902,Ulica Oslobođenja ,12
318,Jovana Avakumovića,12
235,London,12
234,Admirala Geprata,12
312,Vuka Vrčevića,12
156,Trebevićka,12
1605,Čukarica,12
313,Vuka Vrčevića,12
1079,Studentski Grad,12
1009,Zeleni Venac,12
1392,Novo Naselje,12
1394,Put Za Kaluđericu,12
1390,Nine Kirsanove,12
252,Vojnomedicinska Akademija,11
169,Trg Slavija,11
1398,Filipa Kljajića,11
1393,Put Za Kaluđericu,11
838,Go Rakovica,11
1400,Stara Kaluđerica,11
74,Koste Trifkovića,11
1161,Nikole Dobrovića,11
72,Mite Ružića,11
1082,Železnička Stanica Tošin Bunar,11
421,Fontana,11
761,Erport Siti,11
254,Plivalište Banjica,11
1391,Novo Naselje,11
167,Rk Beograđanka,11
828,Srpskih Udarnih Brigada,11
826,Pere Velimirovića,11
70,Dr Velizara Kosanovića,11
248,Paje Adamova,11
250,Banjica,11
830,Kanarevo Brdo,11
835,Stanka Paunovića,11
1389,Nine Kirsanove,11
685,Julino Brdo,11
321,Džordža Vašingtona,11
320,Cvijićeva,11
322,Džordža Vašingtona,11
319,Cvijićeva,11
688,Žarkovo,11
686,Julino Brdo,11
1410,Zdravstvena St. Leštane I Vinča,11
1148,Dr Huga Klajna,11
901,Ulica Oslobođenja ,11
517,Dalmatinska,11
519,Dalmatinska,11
1553,Banjica 2,10
246,Bolnica Dragiša Mišović,10
253,Plivalište Banjica,10
251,Vojnomedicinska Akademija,10
1555,Riste Stefanovića,10
669,Pionirski Park,10
249,Banjica,10
68,Pijaca Zvezdara,10
247,Paje Adamova,10
164,Terazije,10
245,Bolnica Dragiša Mišović,10
731,"Blok ""Branko Momirov""",10
1402,Čardak,10
166,Rk Beograđanka,10
1111,Zemun /Gornji Grad/,10
1112,Zemun /Gornji Grad/,10
1408,Dušana  Petrovića Šaneta,10
727,Blok Sutjeska,10
728,Partizanski Blok,10
1404,Hotel Radmilovac,10
729,Partizanski Blok,10
1406,Petra Kočića,10
732,Mz Krnjača,10
730,"Blok ""Branko Momirov""",10
69,Dr Velizara Kosanovića,10
1856,Blok Sutjeska,10
343,Novi Beograd /Paviljoni/,10
315,Pančevački Most,10
3010,Tc Galerija,10
1606,Čukarica,10
3008,Kula Beograd,10
1399,Stara Kaluđerica,10
1557,Voje Radića,10
344,Novi Beograd /Paviljoni/,10
73,Koste Trifkovića,10
1395,Put Za Institut,10
1396,Put Za Institut,10
825,Raška,10
824,Raška,10
818,Paunova,10
827,Pere Velimirovića,10
314,Pančevački Most,10
380,Trg Branka Radičevića,10
388,Filipa Višnjića,10
1397,Filipa Kljajića,10
382,Nade Dimić,10
381,Nade Dimić,10
387,Filipa Višnjića,10
379,Trg Branka Radičevića,10
378,Rk Beograd,10
376,Zemun /Pošta/,10
1213,Sebeš Suvi,9
1100,Nedeljka Gvozdenovića,9
1942,Marka Čelebonovića,9
498,Trg Republike,9
1900,Novo Naselje,9
499,Trg Republike,9
1899,Novo Naselje,9
3108,Beograd Na Vodi,9
1218,Pirotsko Naselje,9
1217,Pirotsko Naselje,9
1216,Pakračka,9
2021,Surčin /Centar/,9
1215,Pakračka,9
1214,Sebeš Suvi,9
1401,Čardak,9
1212,Sebeška Reka,9
1211,Sebeška Reka,9
1149,Dr Huga Klajna,9
1210,Sebeš Mokri,9
1407,Dušana  Petrovića Šaneta,9
1209,Sebeš Mokri,9
1207,Borča Raskršće,9
1405,Petra Kočića,9
1403,Hotel Radmilovac,9
30,Palilulska Pijaca,9
2076,Save Jovanovića,9
277,Makedonska,9
372,Džona Kenedija,9
263,Brankov Most,9
390,Ruska,9
2232,Biodekor,9
1561,Milutina Miljkovića,9
1713,Vikend Naselje,9
1711,Vila Mara,9
763,Milutina Milankovića,9
762,Erport Siti,9
758,Omladinskih Brigada,9
756,Blok 70,9
755,Blok 70,9
753,Gandijeva,9
1714,Vikend Naselje,9
67,Pijaca Zvezdara,9
1554,Riste Stefanovića,9
1552,Banjica 2,9
1002,Biodekor,9
1715,Malinjak,9
2471,Sc Mladost,9
2470,Sc Mladost,9
1716,Malinjak,9
1712,Vila Mara,9
829,Srpskih Udarnih Brigada,9
163,Trg Republike,9
831,Kanarevo Brdo,9
1563,Spomen Park Jajinci,9
1567,Rakovica Selo,9
88,Blok 21,9
1569,Kružni Put,9
1570,Beli Potok /Kumbara/,9
1571,Beli Potok /Kumbara/,9
904,Kneževac,9
1559,Jajinci /Dom Zdravlja/,9
870,Trošarina,9
866,Ustanička,9
858,Železnička Stanica Resnik,9
856,Aleksandra Vojinovića,9
2937,Trg Republike,9
1556,Voje Radića,9
71,Mite Ružića,9
1717,Galovica,9
1565,Rakovica Selo (Spomen Česma),9
1728,Skopljanska,9
1725,Marka Raba,9
1076,Studentska,9
1516,Kefalonijska,9
706,Palilulska Pijaca,9
1077,Studentska,9
1718,Galovica,9
1726,Marka Raba,9
1727,Skopljanska,9
1723,Crkva,9
1719,Orešac,9
1720,Orešac,9
1722,Surčin /Ulaz/,9
1724,Crkva,9
1721,Surčin /Ulaz/,9
500,Resavska,8
625,Put Za Adu Huju,8
627,Mirijevski Bulevar,8
1596,Kijevo,8
1560,Milutina Miljkovića,8
903,Kneževac,8
516,Omladinski Stadion,8
1929,Sc Vizura,8
919,Pijaca,8
626,Mirijevski Bulevar,8
1594,Deponija,8
1533,Pirandelova,8
927,Svetolika Lazarevića Laze,8
929,Obalskih Radnika,8
931,Mz Čukarička Padina,8
1562,Spomen Park Jajinci,8
623,Diljska,8
622,Diljska,8
621,Vojvode Micka Krstića,8
1898,Save Jovanovića,8
1568,Kružni Put,8
620,Vojvode Micka Krstića,8
1566,Rakovica Selo,8
1564,Rakovica Selo (Spomen Česma),8
548,Pravni Fakultet,8
854,13.Oktobra,8
371,Džona Kenedija,8
1558,Jajinci /Dom Zdravlja/,8
493,Toplana,8
2080,Boleč /Pumpa/,8
988,Vojno Medicinski Centar,8
1409,Zdravstvena St. Leštane I Vinča,8
389,Ruska,8
550,Tehnički Fakulteti,8
745,Blok 45,8
746,Blok 45,8
747,Dr Ivana Ribara 1,8
748,Dr Ivana Ribara 1,8
1146,Nikole Dobrovića,8
386,Tršćanska,8
385,Tršćanska,8
759,Tehnička Škola Novi Beograd,8
760,Tehnička Škola Novi Beograd,8
1101,Nedeljka Gvozdenovića,8
486,Pilota Mihajla Petrovića,8
373,Prve Pruge - Retenzija,8
1710,Ledine,8
1709,Ledine,8
487,Pilota Mihajla Petrovića,8
490,Vidikovački Venac,8
833,Vareška,8
492,Toplana,8
551,Tehnički Fakulteti,8
624,Put Za Adu Huju,8
46,Vatrogasna Komanda,8
48,Novo Groblje,8
49,Novo Groblje,8
45,Omladinski Stadion,8
162,Trg Republike,8
43,Kralja Petra,8
41,Braće Baruh,8
22,Dorćol /Kneginje Ljubice/,8
3071,Ilije Guteše,8
3072,Ilije Guteše,8
3094,1000 Ruža,8
3095,1000 Ruža,8
47,Vatrogasna Komanda,8
212,Podvožnjak,7
515,Sup Palilula,7
1116,Preduzeće Galenika Magmasil,7
1117,Coca-Cola,7
1115,Preduzeće Galenika Magmasil,7
1249,Naselje Tovilište,7
2944,Put Za Beli Potok,7
1118,Coca-Cola,7
1108,"Naselje ""Dr Ivan Ribar""",7
1107,Dr Ivana Ribara,7
1895,Surčin /Mlin/,7
1894,Surčin /Mlin/,7
872,Nemanjina,7
51,Studentski Trg,7
1099,Surčinska,7
1098,Surčinska,7
214,Marka Oreškovića,7
219,Gradska Bolnica,7
501,Glavna Pošta,7
225,Vladimira Tomanovića,7
27,Takovska,7
2074,Farmaceutski Fakultet,7
1645,Naselje Petlovo Brdo,7
1646,Naselje Petlovo Brdo,7
33,Vukov Spomenik,7
857,Železnička Stanica Resnik,7
433,Pijaca,7
2049,Boleč /Pumpa/,7
1141,Studentski Grad,7
216,Živojina Žujovića,7
1140,Milutina Milankovića,7
1412,Boleč Raskršće,7
865,Bistrička,7
488,Mz Vidikovac,7
489,Mz Vidikovac,7
491,Vidikovački Venac,7
1096,Dušana Vukasovića,7
217,Čegarska,7
1097,Dušana Vukasovića,7
1053,Omladinski Stadion/Izlaz/,7
549,Pravni Fakultet,7
186,Šumice,7
1600,Resnik /Izlaz/,7
1599,Spomenik,7
87,Blok 21,7
190,Konjarnik,7
691,Ratka Mitrovića,7
928,Obalskih Radnika,7
926,Svetolika Lazarevića Laze,7
189,Petrinjska,7
188,Petrinjska,7
1736,Braće Nikolić,7
1094,Crkva Sv. Georgija,7
1735,Braće Nikolić,7
1734,Krušedolska,7
1733,Krušedolska,7
715,Trg Oslobođenja,7
717,Stadion Rajko Mitić,7
718,Šekspirova,7
1593,Deponija,7
1731,Surčin /Centar/,7
1595,Kijevo,7
943,Železnički Tunel,7
945,Rupčine,7
947,Put Za Žtp,7
949,Ranžirna Stanica,7
25,Bulevar Despota Stefana,7
832,Vareška,7
130,Petrovačka,7
132,Nikšićka,7
133,Nikšićka,7
764,Milutina Milankovića,7
134,Visoka Škola Elektrotehnike,7
135,Visoka Škola Elektrotehnike,7
136,Saobraćajni Fakultet,7
137,Saobraćajni Fakultet,7
1517,Prvomajska,7
603,Birčaninova,7
2375,Omladinskih Brigada,7
1532,Pirandelova,7
615,Studentski Trg,7
629,Rospi Ćuprija,7
647,Institut Torlak,7
648,Institut Torlak,7
951,Železnik /Ulaz/,7
1175,Kneza Miloša,7
1598,Ispod Tunela,7
129,Vitanovačka,7
3011,Tc Galerija,7
125,Bože Jankovića,7
1232,Bratstva I Jedinstva,7
126,Kralja Vladimira,7
127,Kralja Vladimira,7
128,Vitanovačka,7
2101,Kosovopoljska,7
3009,Kula Beograd,7
855,Aleksandra Vojinovića,7
1234,Drinske Divizije,7
384,Dunavska,7
383,Dunavska,7
852,Kamenac,7
1200,Kombinatova,7
1197,Bele Bartoka,7
1198,Bele Bartoka,7
377,Zemun /Pošta/,7
2194,Kalemarska,7
1199,Kombinatova,7
1252,Marije Ilić Agapove,7
2090,Josipa Telarevića,7
2087,Naselje Tovilište,7
1253,Ratomira Stojadinovića,7
1255,Padinska Skela,7
122,Trg Oslobođenja,7
1256,Padinska Skela,7
123,Trg Oslobođenja,7
1251,Marije Ilić Agapove,7
1254,Ratomira Stojadinovića,7
1236,Save Mrkalja,7
1708,Tošin Bunar,6
1084,Stari Aerodrom,6
886,Trg Slavija /Nemanjina/,6
1518,Prvomajska,6
1088,Gandijeva,6
1087,Imt,6
58,Pijaca Đeram,6
1086,Imt,6
56,Go Zvezdara,6
57,Go Zvezdara,6
360,Deligradska,6
1707,Tošin Bunar,6
357,Franše Deperea,6
1095,Crkva Sv. Georgija,6
358,Franše Deperea,6
876,Braće Vučković,6
168,Trg Slavija,6
204,Makedonska,6
1202,Mihajla Šolohova,6
734,Dr Ivana Ribara,6
1597,Ispod Tunela,6
172,Mačvanska,6
171,Novopazarska,6
1113,Geomašina,6
374,Poljoprivredni Fakultet,6
851,Kamenac,6
209,Zdravka Čelara,6
719,Narodnog Heroja Milana Tepića,6
1878,Borča Raskršće,6
850,Avalska,6
2943,Put Za Beli Potok,6
364,Sava Centar,6
363,Sava Centar,6
206,27. Marta,6
59,Pijaca Đeram,6
9,Ekonomski Fakultet,6
752,Nehruova,6
1007,Zeleni Venac,6
1219,Blok 42,6
1602,Spomenik,6
1601,Resnik /Izlaz/,6
950,Železnik /Ulaz/,6
820,Pet Solitera,6
948,Ranžirna Stanica,6
821,Pet Solitera,6
946,Put Za Žtp,6
944,Rupčine,6
942,Železnički Tunel,6
714,Trg Oslobođenja,6
683,Železnička Stanica Dunav,6
930,Mz Čukarička Padina,6
1572,Pošta,6
1573,Pošta,6
323,Skadarska,6
1574,Avala,6
1575,Avala,6
66,Batutova,6
65,Batutova,6
64,Lion,6
750,Oš Branko Radičević,6
61,Pop Stojanova,6
324,Dom Omladine,6
62,Pop Stojanova,6
751,Nehruova,6
986,Petlovo Brdo,6
985,Petlovo Brdo,6
716,Stadion Rajko Mitić,6
749,Oš Branko Radičević,6
63,Lion,6
645,Kalemarska,6
375,22. Oktobra,6
649,Oktobarska,6
650,Oktobarska,6
970,Jablanička,6
1603,Palih Boraca,6
1551,Voždovac,6
359,Deligradska,6
1114,Geomašina,6
211,Podvožnjak,6
859,Slavoljuba Vuksanovića,6
864,Miljakovac 2,6
255,Paunova,6
1142,Sc 11. April,6
861,Narod. Heroja Velizara Stankovića,6
1144,Stojana Aralice,6
1411,Boleč Raskršće,6
213,Marka Oreškovića,6
1153,Gandijeva,6
42,Kralja Petra,6
2042,Peđe Milosavljevića,6
2225,Železnička Stanica Novi Beograd,6
2043,Ljubinke Bobić,6
21,Dorćol /Kneginje Ljubice/,6
2057,Solunska,6
437,Matice Srpske,6
436,Matice Srpske,6
2092,Brđanska,6
1181,Zadrugarska,6
1180,Zadrugarska,6
1176,Kneza Miloša,6
853,13.Oktobra,6
224,Šumice,6
1119,Elektronska Industrija,6
1120,Elektronska Industrija,6
215,Šabačka,6
2046,Marka Ristića,5
2032,Nikole Marakovića,5
2033,Nikole Marakovića,5
1121,Put Za 13. Maj,5
210,Zdravka Čelara,5
77,Vukov Spomenik /Bul.Kralja Aleksa./,5
84,Ekonomski Fakultet,5
2044,Ljubinke Bobić,5
2045,Marka Ristića,5
849,Avalska,5
2047,Milana Vujaklije,5
670,Voždovac,5
38,Savski Trg,5
446,Bulevar Kralja Aleksandra,5
1159,Generala Nedeljkovića,5
896,Miloša Pocerca,5
2053,Magelanova,5
1160,Generala Nedeljkovića,5
161,Beogradska Arena /Antifašističke Borbe/,5
448,Milutina Milankovića,5
40,Braće Baruh,5
2307,Miljakovačka Šuma,5
644,Beranska,5
976,Serdar Janka Vukotića,5
975,Serdar Janka Vukotića,5
973,Labudovo Brdo,5
1185,Karađorđev Trg,5
2103,Pretok,5
641,Milića Marinovića,5
642,Milića Marinovića,5
643,Beranska,5
860,Slavoljuba Vuksanovića,5
208,Jaše Prodanovića,5
646,Kumodraž 2,5
2945,Put Za Src,5
2102,Pretok,5
278,Aleksandra Dubčeka,5
651,Palih Boraca,5
231,Medaković 3,5
653,Mz Kumodraž,5
654,Mz Kumodraž,5
89,Sava Centar,5
90,Sava Centar,5
978,Jedanaeste Krajiške Divizije,5
28,Takovska,5
32,Vukov Spomenik,5
1238,Bratstva I Jedinstva,5
31,Mašinski Fakultet,5
2089,Josipa Telarevića,5
2071,Ane Ahmatove,5
240,Ortopedski Zavod,5
2306,Miljakovačka Šuma,5
23,Pijaca Skadarlija,5
1195,Borča 3,5
430,Mirijevo 3,5
170,Katanićeva,5
2077,Žs Pančevački Most,5
2428,Palata Pravde,5
26,Bulevar Despota Stefana,5
2430,Durmitorska,5
1196,Borča 3,5
173,Katanićeva,5
522,"Pijaca ""Kalenić""",5
34,Pravni Fakultet,5
917,Železnik /Centar/,5
91,Blok 23,5
1694,Aleksandra Dubčeka,5
92,Blok 23,5
687,Žarkovo,5
689,Ace Joksimovića,5
2059,Žs Pančevački Most,5
295,Oš Gavrilo Princip,5
296,Oš Gavrilo Princip,5
3006,Savski Park,5
695,Pilota Mihajla Petrovića,5
697,Janković Stojana,5
918,Železnik /Centar/,5
698,Janković Stojana,5
699,Marička,5
700,Marička,5
435,Semjuela Beketa,5
434,Semjuela Beketa,5
1930,Put Za Src,5
2091,Brđanska,5
35,Pravni Fakultet,5
977,Jedanaeste Krajiške Divizije,5
974,Labudovo Brdo,5
979,Generala Zgonjanina,5
885,Trg Slavija /Nemanjina/,5
1133,Braće Smiljanić,5
485,Ratka Mitrovića,5
774,Filipa Višnjića,5
773,Filipa Višnjića,5
772,Branka Pešića,5
771,Branka Pešića,5
770,Stadion Zemun,5
769,Stadion Zemun,5
767,Ugrinovačka,5
1177,Savski Trg,5
586,Vitezova Karađorđeve Zvezde,5
587,Vitezova Karađorđeve Zvezde,5
588,Selište,5
589,Selište,5
980,Generala Zgonjanina,5
591,Stojčino Brdo,5
1206,Valjevskog Odreda,5
3019,Beograd Na Vodi,5
1611,Nićiforovićeva,5
1613,Železnička Rampa,5
1022,Blok 42,5
1837,Franje Krča,5
1125,Naselje Ekonomija,5
1839,Zemun Polje,5
1126,Naselje Ekonomija,5
2155,Mali Zbeg,5
205,27. Marta,5
1127,Belarička,5
497,Dušanova,5
2156,Mali Zbeg,5
496,Dušanova,5
1615,Stevana Filipovića,5
1128,Batajnica (Ulaz),5
1129,Batajnica (Ulaz),5
1204,Milana Ajvaza,5
1832,Institut Za Kukuruz,5
54,Mašinski Fakultet,5
1078,Studentski Grad,5
2226,Milana Vujaklije,5
1131,Maksima Brankovića,5
2157,Groblje Zbeg,5
590,Stojčino Brdo,5
1783,Ugrinovci /Ulaz/,5
873,Drinska,5
2555,Belarička,5
353,Beogradska Arena /Antifašističke Borbe/,5
757,Omladinskih Brigada,5
3015,Bolnica,5
874,Žarkovo,5
754,Gandijeva,5
1122,Put Za 13. Maj,5
280,Kbc Zemun,5
3016,Bolnica,5
2138,Magelanova,5
279,Kbc Zemun,5
984,Rasinska,5
983,Rasinska,5
982,Milorada Draškovića,5
2172,Zlatanovići,5
981,Milorada Draškovića,5
1785,Beogradska,5
24,Pijaca Skadarlija,5
1787,Ugrinovci /Centar/,5
2160,Zemun Polje,5
3041,Savski Most,5
1788,Ugrinovci,5
1137,Batajnica (Centar),5
863,Miljakovac 2,5
862,Narod. Heroja Velizara Stankovića,5
1011,Staro Sajmište,5
875,Braće Vučković,5
1135,Majke Jugovića,5
2158,Groblje Zbeg,5
110,Oš Branko Radičević,4
111,Dr Ivana Ribara,4
1620,Gorica,4
106,Gandijeva,4
1642,Sremčica,4
1622,Sremčica /Ulaz/,4
112,Dr Ivana Ribara,4
107,Nehruova,4
105,Gandijeva,4
102,Omladinskih Brigada,4
1617,Žikice Jovanovića,4
103,Blok 70,4
1616,Žikice Jovanovića,4
1610,Nićiforovićeva,4
1614,Stevana Filipovića,4
109,Oš Branko Radičević,4
104,Blok 70,4
1612,Železnička Rampa,4
113,Blok 45,4
1619,Sare Bernar,4
108,Nehruova,4
894,Zeleni Venac,4
1499,Leštane,4
900,Božidara Stojanovića,4
1170,Mz Mladost,4
1163,Bežanijska Kosa (Ulaz),4
2958,Trg Slavija,4
39,Savski Trg,4
1150,Bežanijska Kosa (Izlaz),4
1143,Sc 11. April,4
1413,Hladnjača Pkb,4
1414,Hladnjača Pkb,4
1134,Majke Jugovića,4
1132,Braće Smiljanić,4
1130,Maksima Brankovića,4
1124,Ciglana,4
1123,Ciglana,4
1110,Blok 61,4
1109,Blok 61,4
1415,Vikendice,4
1416,Vikendice,4
1417,Plantaža,4
1418,Plantaža,4
1419,Bećarevo Brdo,4
1420,Bećarevo Brdo,4
2938,Studentski Trg,4
3007,Savski Park,4
1171,Mz Mladost,4
1497,Leštane /Ulaz/,4
1382,Ustanička,4
1242,Put Za Kovilovo,4
1237,Omladinski Stadion,4
1257,Kp Dom,4
1258,Kp Dom,4
1259,Sefkereški Kanal,4
1260,Sefkereški Kanal,4
1261,Put Za Vrbovski,4
1262,Put Za Vrbovski,4
1354,Rospi Ćuprija,4
1356,Trudbenička,4
1222,Agostina Neta,4
1221,Agostina Neta,4
1357,Trudbenička,4
3089,Palata Pravde 1,4
1208,Borča Raskršće,4
1358,Višnjička Banja,4
1359,Višnjika Banja,4
1360,Toplana,4
1361,Toplana,4
1362,Lešće,4
1363,Lešće,4
55,Vukov Spomenik /Bul.Kralja Aleksa./,4
1498,Leštane /Izlaz/,4
101,Omladinskih Brigada,4
1543,Radisava Ignjatovića,4
1545,Kaluđerica /Centar/,4
1546,Isidora Blagojevića,4
1547,Isidora Blagojevića,4
987,Banovo Brdo,4
972,Kneževac,4
971,Kneževac,4
969,Jablanička,4
75,Ustanička,4
76,Ustanička,4
941,Bele Vode,4
939,Ateks,4
86,Staro Sajmište,4
937,Kontaktor,4
935,Inos,4
920,Ivo Lola Ribar,4
95,Železnička Stanica Novi Beograd,4
96,Železnička Stanica Novi Beograd,4
97,Blok 42,4
98,Blok 42,4
99,Agostina Neta,4
100,Agostina Neta,4
1544,Kaluđerica /Centar/,4
60,Batutova,4
1041,Nikole Doksata,4
1006,Novo Naselje,4
1500, Zdravstvena Stanica  Leštane I Vinča,4
1501,Babin Lug,4
1502,Babin Lug,4
1503,Vinča /Ulaz/,4
1035,Pante Srećkovića,4
1034,Pante Srećkovića,4
1033,Ljubice Luković,4
1032,Ljubice Luković,4
1504,Vinča /Ulaz/,4
1505,Mike Petrovića Alasa,4
1506,Mike Petrovića Alasa,4
1507,Svetosavska,4
1508,Svetosavska,4
1509,Vinča /Škola/,4
1510,Vinča /Škola/,4
1511,Vinčanska,4
1512,Vinčanska,4
1513,Miloša Obrenovića ,4
1514,Miloša Obrenovića ,4
1515,Vinča,4
1527,Vizantijska ,4
114,Blok 45,4
311,Vojvode Micka Krstića,4
1810,Grmeč,4
1782,Ugrinovci /Ulaz/,4
1778,Dobanovci /Ulaz/,4
1779,Dobanovci /Ulaz/,4
2075,Banovo Brdo,4
2265,Gandijeva,4
2072,Ane Ahmatove,4
425,Pariske  Komune,4
426,Pariske  Komune,4
427,Paviljoni,4
428,Paviljoni,4
429,Prilaz,4
431,Mirijevo 3,4
2070,Kneževac,4
1781,Partizanska 1,4
1784,Beogradska,4
411,Bjelovarska,4
1786,Ugrinovci /Centar/,4
444,Savski Trg (Savska),4
602,Mirijevo 4,4
2048,Bežanijska Kosa,4
2022,Miljakovac 3,4
601,Mirijevo 4,4
600,Milivoja Perovića,4
599,Aleksandra Belića,4
598,Aleksandra Belića,4
1808,Zmaj,4
230,Medaković 3,4
593,Mirijevski Venac,4
592,Mirijevski Venac,4
1777,Fruškogorska,4
201,Grčića Milenka,4
200,Grčića Milenka,4
199,Bačvanska,4
1761,Surčinska Petlja,4
1762,Industrijska Zona Dobanovci,4
1763,Industrijska Zona Dobanovci,4
1764,Naselje Pik,4
659,Kumodraž 1,4
658,Kovačka,4
657,Kovačka,4
656,Zemljoradnička,4
414,Ljubićka (Univerzitet Singidunum),4
655,Zemljoradnička,4
1765,Naselje Pik,4
1766,Bezdan,4
639,Trg Republike,4
1767,Bezdan,4
1768,Stevana Jovanovića,4
1769,Stevana Jovanovića,4
1770,Dobanovci /Centar/,4
1771,Dobanovci /Centar/,4
1772,Žarka Jelića,4
1773,Žarka Jelića,4
1774,Slovački Dom,4
1775,Slovački Dom,4
1776,Fruškogorska,4
2403,Savska Terasa,4
2400,Partizanska 2,4
198,Bačvanska,4
415,Ljubićka (Univerzitet Singidunum),4
585,Ladne Vode,4
584,Ladne Vode,4
583,Sime Trojanovića,4
483,Miloja Zakića,4
223,Zvezdara,4
222,Zvezdara,4
221,Miloša Jankovića,4
220,Miloša Jankovića,4
218,Gradska Bolnica,4
1815,Put Za Soko Salaš,4
1816,Dobanovci /Groblje/,4
1817,Partizanska,4
512,Trg Republike,4
1818,Zemunska,4
1819,Dobanovci /Centar/,4
1831,Institut Za Kukuruz,4
1833,Braće Krnješevac,4
520,Blok 42,4
1835,Vrtić Bubamara,4
521,"Pijaca ""Kalenić""",4
523,Južni Bulevar,4
524,Južni Bulevar,4
525,Tetovska,4
526,Tetovska,4
527,Dušanovac /Pošta/,4
552,Go Vračar,4
528,Dušanovac /Pošta/,4
1907,Batajnica (Centar),4
1901,Surčin /Centar/,4
1882,Naselje Belvil,4
207,Jaše Prodanovića,4
484,Ratka Mitrovića,4
482,Miloja Zakića,4
582,Sime Trojanovića,4
481,Luke Vojvodića,4
581,Ćalije,4
580,Ćalije,4
579,Astronomska,4
578,Astronomska,4
577,Triglavska,4
576,Triglavska,4
575,Marijane Gregoran,4
574,Marijane Gregoran,4
573,Generala Aračića,4
572,Generala Aračića,4
229,Svetozara Radojčića,4
228,Svetozara Radojčića,4
569,Trg Republike,4
1812,Ikarbus,4
466,Petlja Radnička,4
227,Medaković 2,4
226,Medaković 2,4
472,Petra Lekovića,4
473,Petra Lekovića,4
474,Žarkovačka,4
475,Žarkovačka,4
476,Sc  Košutnjak,4
1813,Naselje Radiofar,4
477,Sc  Košutnjak,4
478,Pionirski Grad,4
479,Pionirski Grad,4
480,Luke Vojvodića,4
412,Vitanovačka,4
413,Vitanovačka,4
410,Bjelovarska,4
310,Patrisa Lumumbe,4
1679,Savski Trg (Savska),4
1683,Vaznesenjska Crkva,4
2197,Dobanovačka Petlja,4
790,Mpi,4
2199,Naselje Okrajak,4
788,Maksima Gorkog,4
2207,Birotehnička Škola,4
2208,Dobanovci /Groblje/,4
288,Rada Končara,4
2209,Partizanska,4
286,Bosanska,4
285,Bosanska,4
284,Zlatiborska,4
2193,Kamenička,4
2680,Naselje Belvil,4
2171,Zlatanovići,4
283,Zlatiborska,4
2210,Zemunska,4
143,Voždovac,4
409,Darvinova,4
145,Pravni Fakultet,4
346,Šumice,4
347,Hotel Srbija,4
2466,Bare,4
2465,Bare,4
349,Grčića Milenka,4
1677,Posavska,4
299,Zemun /Novi Grad/,4
355,Stratimirovićeva,4
303,Husinjskih Rudara,4
2681,Naselje Belvil,4
823,Mosorska,4
822,Mosorska,4
817,Crkva Sv. Vasilija Ostroškog,4
816,Crkva Sv. Vasilija Ostroškog,4
815,Fakultet Organizacionih Nauka,4
309,Patrisa Lumumbe,4
308,Diljska,4
307,Diljska,4
306,Stevana Hristića,4
305,Stevana Hristića,4
304,Husinjskih Rudara,4
302,Salvadora Aljendea,4
1655,Oslobođenja,4
814,Fakultet Organizacionih Nauka,4
813,Atletska Dvorana,4
812,Atletska Dvorana,4
811,Veljka Lukića Kurjaka,4
810,Veljka Lukića Kurjaka,4
809,Trg Oslobođenja,4
808,Trg Oslobođenja,4
301,Salvadora Aljendea,4
1651,Novo Naselje /Rušanj/,4
1652,Ilije Miličevića,4
1653,Ilije Miličevića,4
1654,Oslobođenja,4
352,Dušanovac /Pošta/,4
144,Voždovac,4
2433,Novo Naselje,4
187,Šumice,4
271,Hotel Jugoslavija,4
1739,Put Za Jakovo,4
1740,Put Za Jakovo,4
694,Kneza Višeslava,4
693,Kneza Višeslava,4
2224,Železnička Stanica Novi Beograd,4
690,Ace Joksimovića,4
191,Konjarnik,4
2227,Nikole Doksata,4
2262,Omladinskih Brigada 1,4
2145,Kumodraž,4
1756,Braće Suzić,4
1757,Braće Suzić,4
673,Milivoja Perovića,4
672,Bulevar Umetnosti,4
671,Palata Pravde,4
401,Bulevar Umetnosti,4
194,Peđe Milosavljevića,4
2404,Savska Terasa,4
1758,Surčin /Izlaz/,4
1759,Surčin /Izlaz/,4
1760,Surčinska Petlja,4
408,Darvinova,4
1738,Rimski Kanal,4
692,Ratka Mitrovića,4
1881,Naselje Belvil,4
182,Škola Vojislav Ilić,4
356,Južni Bulevar,4
185,Rimska,4
281,Prilaz,4
2418,Miljakovac 1 – Okretnica,4
2211,Bosutska,4
2212,Bosutska,4
276,Karađorđev Trg,4
273,Džona Kenedija,4
272,Hotel Jugoslavija,4
1737,Rimski Kanal,4
707,Šumice - Okretnica,4
2263,Bulevar Umetnosti,3
2060,Šest Kaplara,3
3012,Beograd Na Vodi,3
2117,Beli Potok /Centar/,3
1926,Železnik R,3
2116,Oš Vasa Čarapić,3
2115,Oš Vasa Čarapić,3
2100,Kosovopoljska,3
1908,Višnjica,3
1250,Naselje Tovilište 1,3
2056,Dorćol /Dunavska/,3
2058,Despota Đurđa,3
2352,Servisi,3
2036,Ritopek,3
1875,Kvantaška Pijaca,3
2169,Svete Milutinovića,3
3082,Slavka Rodića,3
3046,Trg Slavija /Tiršova/,3
2328,Kvantaška Pijaca,3
2144,Kumodraž,3
1328,Amd Grocka,3
1931,Narodnih Heroja,3
1933,Narodnih Heroja,3
1342,Gorica,3
1952,Put Za Milovanoviće,3
2198,Naselje Okrajak,3
2222,Put Za Novi Sad,3
2264,Bulevar Umetnosti,3
2196,Dobanovačka Petlja,3
2223,Put Za Novi Sad,3
3026,Savski Most,3
2147,Depo Sava,3
2149,Garaža Novi Beograd,3
2254,Gučevska,3
2174,Radnih Akcija,3
1951,Put Za Milovanoviće,3
1950,Železnička Stanica Ripanj,3
2170,Svete Milutinovića,3
1949,Železnička Stanica Ripanj,3
1948,Kolonija,3
1947,Kolonija,3
1941,Pedagoška Akademija,3
1327,Amd Grocka,3
1939,Crkva Svetog Dimitrija,3
1940,Pedagoška Akademija,3
2766,Jakovo (Ulaz),3
1862,Bela Reka,3
1550,Voždovac-Okretnica,3
1741,Silosi,3
1583,Put Za Beli Potok,3
1584,Put Za Beli Potok,3
1585,Beli Potok /Ulaz/,3
1586,Beli Potok /Ulaz/,3
1587,Beli Potok /Centar/,3
1588,Oš Vojvoda Putnik,3
1589,Minel 3,3
1590,Minel 3,3
1591,Minel 2,3
1732,Naselje Česma,3
2438,Novogradska,3
2439,Novogradska,3
2456,Novo Bežanijsko Groblje,3
2457,Novo Bežanijsko Groblje,3
2783,Batajnica,3
2803,Mz Resnik,3
2408,Fk Banja,3
1750,Mz Jakovo,3
2839,Timočki Put (Ulaz),3
2818,Gučevska,3
2817,Železnička Stanica Beograd Centar,3
2814,Boleč (Groblje),3
1,Tadeuša Košćuška,3
2407,Fk Banja,3
2813,Boleč (Groblje),3
1742,Silosi,3
1748,Sestara Krstonošić,3
1747,Sestara Krstonošić,3
1746,Sremska,3
1745,Sremska,3
1744,Servisi,3
1743,Servisi,3
2474,Batutova,3
2485,Naselje Radiofar,3
2513,Topčiderski Park,3
1628,Sremčica (Centar),3
1624,Šumske Ekonomije,3
1668,Boleč /Crkva/,3
1667,Boleč /Crkva/,3
1650,Novo Naselje /Rušanj/,3
1644,Banjica 2,3
1626,Obrenovačka,3
1630,Jeličićev Venac,3
1695,Stevana Lukovića,3
1632,Tomaška,3
1634,Tesarska,3
1636,Mirkovićeva,3
1638,Vašarska,3
1640,Sremčica /Izlaz/,3
2765,Ortopedski Zavod,3
1684,Španskih Boraca,3
1696,Stevana Lukovića,3
2520,Oš Vojvoda Putnik,3
1704,17. Oktobra,3
1604,Minel 2,3
2521,Hajdučki Potok,3
2522,Hajdučki Potok,3
2526,Pukovnika Petra Mišića,3
2671,Miljakovačke Staze,3
1706,Sretena Mladenovića,3
1703,17. Oktobra,3
1697,Stojana Jankovića,3
1702,Oš 14. Oktobar,3
1701,Oš 14. Oktobar,3
1700,Slavka Rodića,3
1618,Sare Bernar,3
1699,Slavka Rodića,3
1698,Stojana Jankovića,3
2840,Timočki Put (Ulaz),3
1548,Kaluđerica,3
1861,Naselje Česma,3
1248,Pk Beograd,3
1431,Vase Čarapića,3
1432,Vase Čarapića,3
1433,Šumadijska,3
1434,Šumadijska,3
1435,Grocka,3
1436,Ja,3
1469,Svetosavska,3
1471,Mali Lug,3
1473,Prokop,3
1475,Kralja Petra Prvog,3
1477,Duboko,3
1479,Ritopek /Ulaz/,3
1481,Ritopek /Škola/,3
1482,Ritopek /Centar/,3
1483,Prvog Maja,3
1430,Gročica,3
1429,Gročica,3
1428,Careva Glavica,3
1421,Put Za Zaklopaču,3
1853,Dalmatinskih Brigada,3
1851,Drage Mihajlovića,3
1847,Kej Oslobođenja,3
1840,Posavska,3
1838,Franje Krča,3
1836,Vrtić Bubamara,3
1422,Put Za Zaklopaču,3
1814,Put Za Soko Salaš,3
1423,Usek,3
1424,Usek,3
1834,Braće Krnješevac,3
1425,Suva Česma,3
1426,Suva Česma,3
1427,Careva Glavica,3
1484,Prvog Maja,3
1485,Boleč /Centar/,3
1486,Boleč /Centar/,3
1536,Kopaonička,3
1528,Vizantijska ,3
1789,Kej Oslobođenja,3
1529,Vml,3
1534,Dom Zdravlja,3
1780,Partizanska 1,3
1535,Dom Zdravlja,3
1537,Kopaonička,3
1526,Mz Vml,3
1538,Stepe Stepanovića,3
1539,Stepe Stepanovića,3
1540,Željka Milivojevića,3
1541,Željka Milivojevića,3
1542,Radisava Ignjatovića,3
2399,Partizanska 2,3
1805,Bežanijska Kosa,3
1525,Mz Vml,3
1487,Virska,3
1494,Elektrodistribucija,3
1488,Virska,3
1489,Boleč,3
1490,Ustanička,3
1491,Skladište Boja,3
1492,Skladište Boja,3
1493,Elektrodistribucija,3
1495,Stari Put Za Boleč,3
1524,Lipovačka,3
1496,Stari Put Za Boleč,3
1811,Ikarbus,3
2767,Jakovo (Ulaz),3
1809,Grmeč,3
1807,Zmaj,3
1806,Bežanijska Kosa,3
1705,Sretena Mladenovića,3
0,Kalemegdan (Donji Grad),3
1247,Pk Beograd,3
1103,Blok 44,3
1075,Jurija Gagarina,3
1074,Jurija Gagarina,3
1073,Blok 70a,3
1072,Blok 70a,3
184,Rimska,3
799,Železnička Stanica Dunav,3
447,Bulevar Kralja Aleksandra,3
445,Mite Ružića,3
203,Beogradska Arena /Španskih Boraca/,3
807,Blok 25,3
840,Servis Dmb,3
841,Servis Dmb,3
842,Manastir Rakovica,3
843,Manastir Rakovica,3
844,Josipa Telarevića (Izlaz),3
845,Josipa Telarevića (Izlaz),3
232,Glavna Pošta,3
1064,Milutina Milankovića,3
407,Meštrovićeva,3
233,Glavna Pošta,3
406,Meštrovićeva,3
405,Jovana Bijelića,3
404,Jovana Bijelića,3
1085,Strugarska,3
1104,Blok 44,3
1052,Omladinski Stadion /Ulaz/,3
1105,Dom Zdravlja Blok 44,3
1193,Nova Galenika,3
1192,Mihajla Vukše,3
776,Rada Končara /Dom Zdravlja/,3
777,Oš Petar Kočić,3
139,Banjica,3
140,Banjica,3
141,Vračarska,3
142,Vračarska,3
509,Bebelova,3
785,Vidikovac,3
508,Bebelova,3
1191,Mihajla Vukše,3
1190,Galenika (Kapija),3
1189,Galenika ,3
1188,Galenika ,3
495,Dorćol /Src Milan Gale Muškatirović/,3
149,Kneza Višeslava,3
1167,Pukovnika Petra Mišića,3
1162,Zrenjaninski Put,3
175,Vojvode Dragomira,3
1147,Nikole Dobrovića,3
1139,Batajnica /Železnička Rampa/,3
1106,Dom Zdravlja Blok 44,3
871,Železnik R,3
1050,Narodnih Heroja,3
1220,Blok 61,3
366,Omladinskih Brigada,3
365,Omladinskih Brigada,3
291,Vojni Put,3
292,Vojni Put,3
293,Branko Plećaš,3
294,Branko Plećaš,3
966,Stevana Đurđevića,3
965,Čukarička Padina,3
297,Beogradska Arena /Španskih Boraca/,3
963,Valjevska,3
962,Valjevska,3
961,Vodovodska,3
960,Vodovodska,3
957,Mz Novi Železnik,3
956,Mz Novi Železnik,3
1246,Frikom,3
362,Mostar,3
361,Mostar,3
354,Dom Zdravlja Voždovac,3
940,Bele Vode,3
938,Ateks,3
936,Kontaktor,3
934,Inos,3
350,Grčića Milenka,3
921,Ivo Lola Ribar,3
995,Julino Brdo,3
1040,Braće Ribnikar,3
996,Julino Brdo,3
1039,Braće Ribnikar,3
1038,Toplička,3
1037,Veljka Dugoševića,3
1036,Veljka Dugoševića,3
395,Zaplanjska,3
394,Zaplanjska,3
243,Stadion Partizan,3
244,Stadion Partizan,3
256,Železnička Stanica Beograd Centar,3
261,Banjica 2,3
605,Južni Bulevar,3
265,Ušće,3
266,Ušće,3
1010,Staro Sajmište,3
274,Džona Kenedija,3
287,Rada Končara,3
289,Prvomajska,3
290,Prvomajska,3
1001,Železnička Stanica Bgd Centar,3
1000,Bele Vode,3
999,Bele Vode,3
998,Ilije Đuričića,3
997,Ilije Đuričića,3
775,Rada Končara /Dom Zdravlja/,3
1145,Stojana Aralice,3
1223,Pilota Mihajla Petrovića,3
1226,Blok 63,3
637,Lovačka,3
638,Višnjica,3
660,Kumodraž 1,3
661,Sp Lasta,3
50,"Vmc ""Karaburma""",3
52,Gradska Bolnica,3
556,Peke Pavlovića,3
78,Pravni Fakultet,3
555,Peke Pavlovića,3
554,Miška Jovanovića,3
553,Miška Jovanovića,3
546,Kumodraž 2,3
545,Kumodraž 2,3
544,Junska,3
543,Junska,3
542,Put Za Kumodraško Groblje,3
541,Put Za Kumodraško Groblje,3
703,Ulica Oslobođenja ,3
704,Ulica Oslobođenja ,3
540,Dušana Jovanovića ,3
539,Dušana Jovanovića ,3
538,Preduzeće Petar Velebit,3
83,Rk Beograđanka,3
537,Preduzeće Petar Velebit,3
536,Preduzeće Izolacija,3
636,Lovačka,3
635,Despotovačka,3
634,Despotovačka,3
1228,Blok 62,3
1245,Frikom,3
1244,Put Za Jabučki Rit,3
1243,Put Za Jabučki Rit,3
1241,Put Za Kovilovo,3
2,Tadeuša Košćuška,3
595,Mirijevo 2,3
1235,Save Mrkalja,3
1233,Drinske Divizije,3
594,Mirijevo 2,3
1230,Mz Blok 61,3
1229,Mz Blok 61,3
570,Milutina Milankovića,3
633,Višnjička Banja,3
568,Naselje Braće Jerković,3
606,Stratimirovićeva,3
607,Go Voždovac,3
608,Dušanovac /Pošta/,3
567,Naselje Braće Jerković,3
618,Dom Zdravlja Voždovac,3
619,Vukov Spomenik,3
628,Rospi Ćuprija,3
630,Marina,3
631,Marina,3
632,Višnjička Banja,3
1227,Blok 62,3
348,Hotel Srbija,3
533,Voždovački Kružni Put,3
120,Franše Deperea,3
735,Blok 25,3
534,Voždovački Kružni Put,3
1225,Blok 63,3
1224,Pilota Mihajla Petrovića,3
121,Zvečanska,3
138,Voždovac,3
124,"Vmc ""Karaburma""",3
131,Servisi,3
535,Preduzeće Izolacija,3
119,Franše Deperea,3
2128,Agro-Koka,2
2134,Pekara,2
2135,Pekara,2
2136,Bolja,2
1827,Šangajska,2
1946,Čaršija,2
2137,Nicu Rada,2
2126,Mesara,2
1826,Šangajska,2
393,Vojislava Ilića,2
2140,Franje Krča,2
1945,Čaršija,2
2141,Trafostanica,2
2127,Mesara,2
560,Centralno Groblje,2
2124,Bitoljska,2
2122,Beli Potok,2
396,Naselje Braće Jerković,2
1954,Rašin Majdan,2
1953,Rašin Majdan,2
470,Kirovljeva,2
494,Vidikovac,2
557,Ignjata Joba,2
558,Ignjata Joba,2
2118,Braće Jakovljević,2
2119,Braće Jakovljević,2
2120,Glumačka,2
2121,Glumačka,2
559,Centralno Groblje,2
1944,Sanatorijum,2
1830,Zeleni Venac,2
1896,Stevana Simića,2
392,Vojislava Ilića,2
1967,Đure Gajića,2
1943,Sanatorijum,2
529,Husova,2
1906,Umka-Centar,2
1928,Ostružnica 2,2
2153,Sremčica /Ulaz/,2
2154,Sremčica /Naselje Gorica/,2
1927,Pećani,2
1925,Železnik /Savska/,2
1921,Bbp Makiš,2
530,Husova,2
1909,Filipa Višnjića,2
1910,Filipa Višnjića,2
1911,Surčin,2
1920,Bbp Makiš,2
351,Dušanovac /Pošta/,2
1913,Ostružnica 1,2
513,Karaburma 2,2
1934,Efeska,2
1897,Stevana Simića,2
2146,Strahinje Petrovića,2
2109,Mz Ostružnica,2
532,Pive Karamatijevića,2
1937,Ulaz U Bečmen,2
1936,Ulaz U Bečmen,2
1935,Efeska,2
531,Pive Karamatijevića,2
1823,Busije,2
566,Dragice Končar,2
561,Jovana Bijelića,2
2148,Železnička Stanica Zemun Polje,2
562,Jovana Bijelića,2
563,Dragice Končar 1,2
564,Dragice Končar 1,2
565,Dragice Končar,2
2110,Mz Ostružnica,2
397,Naselje Braće Jerković,2
2108,Srpska Kruna,2
2038,Neoplanta,2
468,Ada Ciganlija,2
2024,Stari Vinogradi,2
2026,Buljubašine Vode,2
2028,Veliki Mokri Lug,2
455,Dr Velizara Kosanovića,2
1964,Brđani /Škola/,2
2037,Ritopek /Centar/,2
2039,Neoplanta,2
441,16. Oktobra,2
2040,Brodotehnika,2
2041,Brodotehnika,2
1877,Put Za Železnik,2
1963,Brđani /Škola/,2
2052,Žs Pančevački Most,2
443,Vitezova Karađorđeve Zvezde,2
442,Vitezova Karađorđeve Zvezde,2
1980,Šumareva Kuća,2
1965,Ripanj /Brđani/,2
1979,Šumareva Kuća,2
1978,Glumčevo Brdo,2
1886,Kosmajska,2
1885,Kosmajska,2
1884,Njegoševa,2
1968,Draženovac 1,2
1969,Draženovac 1,2
1970,Draženovac 2,2
1971,Draženovac 2,2
1972,Draženovac 3,2
1973,Draženovac 3,2
1966,Ripanj /Brđani/,2
1974,Draženovac,2
1975,Draženovac,2
1883,Kotež,2
2161,Cerak Vinogradi,2
1977,Glumčevo Brdo /Gorčinac/,2
1962,Put Za Žuti Breg,2
1961,Put Za Žuti Breg,2
2107,Srpska Kruna,2
2094,Vojvođanski Salaši,2
2082,Naselje Vinogradi,2
1958,Ripanj /Centar/,2
1957,Ripanj /Centar/,2
403,Sc Sport Eko,2
547,Studentski Trg,2
402,Sc Sport Eko,2
2093,Vojvođanski Salaši,2
2095,Ovča /Izlaz/,2
440,16. Oktobra,2
2096,Ovča /Izlaz/,2
1956,Ripanj /Brdo/,2
400,Beogradska Arena,2
1955,Ripanj /Brdo/,2
399,Braće Jerković (Mitrovo Brdo),2
398,Braće Jerković (Mitrovo Brdo),2
1888,V. Moštanica /Centar/,2
1852,Drage Mihajlovića,2
2081,Naselje Vinogradi,2
1959,Brđani /Simići/,2
1854,Dalmatinskih Brigada,2
1960,Brđani /Simići/,2
439,Branka Ćopića,2
1860,Železnik /Savska/,2
438,Branka Ćopića,2
1859,Besni Fok,2
2061,Kosmajska,2
1858,Besni Fok,2
1912,Surčin,2
1891,Dobrivoja Jovanovića,2
424,Ix Beogradska Gimnazija,2
1855,Batajnica,2
423,Ix Beogradska Gimnazija,2
418,Trg Oslobođenja,2
417,Prešernova,2
416,Prešernova,2
2069,Cerak Vinogradi,2
2229,Milana Rakića,2
342,Beogradska Arena,2
2756,Pupin Telekom,2
2664,Put Za Novi Sad,2
2674,Trg Oslobođenja,2
2676,Kineski Tržni Centar,2
2712,Miljakovačko Brdo,2
2713,Sunčani Breg 1,2
2714,Sunčani Breg 2,2
2726,Mihajla Bandura,2
2727,Mihajla Bandura,2
2750,Ristin Potok,2
2752,Vinjage,2
2755,Pupin Telekom,2
2764,Šest Kaplara,2
2662,Zemun Park,2
2768,Veliko Selo (Ulaz),2
2769,Veliko Selo (Ulaz),2
2775,Mihaila Petrovića,2
94,Milutina Milankovića,2
2784,Mihaila Petrovića,2
93,Milutina Milankovića,2
85,Staro Sajmište,2
82,Rk Beograđanka,2
81,Tašmajdan,2
2820,Toplice Milana,2
2829,Edvarada Griga (Ulaz),2
2663,Zemun Park,2
2658,Jat Tehnika,2
2475,Borisa Kidriča,2
2497,Pogon Karaburma,2
2486,Vitezova Karađorđeve Zvezde,2
2487,Vitezova Karađorđeve Zvezde,2
2488,Ladne Vode,2
2489,Ladne Vode,2
2490,Šejkina,2
2491,Šejkina,2
2492,Pere Ćetkovića,2
2493,Pere Ćetkovića,2
2494,Marijane Gregoran,2
2495,Marijane Gregoran,2
2496,Pogon Karaburma,2
2503,Resnik (Edvarda Griga),2
2657,Jat Tehnika,2
147,Hipodrom,2
2514,Topčiderski Park,2
146,Hipodrom,2
2527,Mz Velika Moštanica,2
2528,Mz Velika Moštanica,2
2552,Mali Zabran,2
2556,Mirijevsko Brdo,2
2595,Bolnica Dragiša Mišović,2
2596,Bulevar Crvene Armije,2
2600,Crkva Sv. Atanasija Velikog,2
2601,Crkva Sv. Atanasija Velikog,2
2831,Zdravstvena Stanica Resnik,2
2832,Zdravstvena Stanica Resnik,2
2833,Resnik (Edvarda Griga),2
5,Pristanište,2
14,Mostar,2
13,Mostar,2
12,Palata Pravde,2
11,Palata Pravde,2
10,Ekonomski Fakultet,2
3069,"Vrtić ""Oaza""",2
3070,"Vrtić ""Oaza""",2
8,Brankov Most,2
7,Brankov Most,2
6,Pristanište,2
3088,Novi Železnik 1,2
3090,Novi Železnik 1,2
2837,"Dom Zdravlja ""Labudovo Brdo""",2
3092,Bas,2
3093,Batajnica /Šangajska/,2
4,Kalemegdan,2
3,Kalemegdan,2
3100,Emila Zatopeka 1,2
3101,Emila Zatopeka 1,2
3102,Dijega Rivera 1,2
3103,Konstantina Kavafija 1,2
3104,Episkopa Sergeja,2
3105,Konstantina Kavafija 1,2
3107,Peđe Milosavljevića 1,2
15,Sajam,2
3013,Beograd Na Vodi,2
16,Sajam,2
17,Ruska,2
2838,"Dom Zdravlja ""Labudovo Brdo""",2
80,Tašmajdan,2
79,Banovo Brdo Ok,2
2865,Sunčani Breg 2,2
2866,Sunčani Breg 1,2
2867,Mali Zabran,2
2868,Miljakovačko Brdo,2
2886,Pružni Prelaz,2
2887,Pružni Prelaz,2
2931,Petlja Radnička,2
2933,Đorđa Stanojevića,2
2934,Đorđa Stanojevića,2
2935,Petlja Radnička,2
2936,Petlja Radnička,2
2939,Groblje,2
37,Trg Slavija /Nemanjina/,2
2978,Vii Beogradska Gimnazija,2
2979,Vii Beogradska Gimnazija,2
36,Trg Slavija /Nemanjina/,2
29,Bežanijska Kosa /Grčka/,2
20,Gospodarska Mehana,2
19,Gospodarska Mehana,2
18,Ruska,2
2476,Borisa Kidriča,2
158,Banovo Brdo,2
2173,Radnih Akcija,2
2303,Toplana 1,2
2277,Lipovački Put 4 Deo,2
2278,Lipovački Put 4 Deo,2
2279,Stara Lipovica,2
2280,Stara Lipovica,2
2281,Prvomajska,2
2282,Prvomajska,2
2283,Trebež,2
2298,Oštreljska,2
2299,Oštreljska,2
2300,Mirijevo,2
2301,Zelengora,2
2304,Toplana,2
2275,Drenjak,2
2305,Zelengora,2
241,Muzej Jugoslavije,2
239,Železnička Stanica Beograd Centar,2
2308,Železnički Nadvožnjak,2
2309,Železnički Nadvožnjak,2
2314,Milovana Čelebića,2
2315,Jovana Mikića,2
2316,Jovana Mikića,2
2341,Prnjavor /Škola/,2
2343,Trešnja,2
2344,Trešnja,2
2276,Drenjak,2
2269,Strahinje Petrović,2
2473,Železnička Tehnička Stanica 1,2
269,Palata Srbija,2
2186,Popova Bara,2
2187,Popova Bara,2
2188,Orlovača /Ulaz/,2
2191,Glumčevo Brdo 1,2
298,Antifašističke Borbe,2
2202,Orlovača Groblje,2
2203,Put Za Brest,2
2204,Put Za Brest,2
2205,Put Za Lukiće,2
2206,Put Za Lukiće,2
270,Palata Srbija,2
268,Milentija Popovića,2
2268,Trafostanica,2
267,Milentija Popovića,2
2228,Milana Rakića,2
2230,Batajnica /Železnička Stanica/,2
262,Zeleni Venac,2
2239,Kružni Put,2
2244,Glavni Poštanski Centar,2
2245,Ratarski Put,2
2246,Ugrinovački Put,2
2248,Juga Grizelja,2
2250,Glavni Poštanski Centar,2
242,Muzej Jugoslavije,2
2345,Avalski Cvet,2
2346,Avalski Cvet,2
2349,Trebež,2
2449,Ratarski Put,2
2410,Konstantina Kavafija,2
2411,Dijega Rivere,2
2412,Altina 1,2
183,Škola Vojislav Ilić,2
181,Velimira Todorovića,2
180,Velimira Todorovića,2
179,Bregalnička,2
178,Bregalnička,2
2446,Ljiljane Krstić,2
2447,Juga Grizelja,2
2448,Ugrinovački Put,2
2452,Bačka,2
2353,Teodora Drajzera,2
2453,Bačka,2
2454,Banatska,2
2455,Banatska,2
177,Crveni Krst,2
176,Crveni Krst,2
2458,Koste Brankovića,2
174,Vojvode Dragomira,2
2469,Episkopa Nikolaja,2
160,Omladinskih Brigada 1,2
159,Park Tašmajdan,2
2472,Železnička Tehnička Stanica 1,2
2409,Kortesarova,2
192,Rimska,2
195,Dr Velizara Kosanovića,2
2402,Dr Đorđa Šulce,2
2360,Teodora Drajzera,2
2361,Mirijevsko Brdo,2
2362,Koste Brankovića ,2
2365,Novosadski Put,2
2366,Novosadski Put,2
2367,Železnička Tehnička Stanica,2
2368,Železnička Tehnička Stanica,2
2369,Milana Nedeljkovića,2
2370,Milana Nedeljkovića,2
2371,Koste Cukića,2
2372,Koste Cukića,2
2373,Koste Alkovića,2
2374,Koste Alkovića,2
2376,Iv Beogradska Gimnazija,2
2377,Teodora Drajzera 2,2
2378,Teodora Drajzera 2,2
2379,Iv Beogradska Gimnazija,2
2383,Kralja Uroša,2
2384,Stevana Dubajića,2
2385,Braće Radišić,2
2386,Mirijevo,2
2397,Slavka Rodića,2
2401,Dr Đorđa Šulce,2
597,Omladinski Stadion,2
2189,Orlovača /Izlaz/,2
1681,Atanasija Pulje,2
1290,Mirgorodska,2
1092,Kbc Bežanijska Kosa,2
1102,Ledine,2
952,Železnik (Zlatanovići),2
1293,Atovi,2
1292,Atovi,2
1291,Mirgorodska,2
1289,Branislava Cige Jerinića,2
1474,Kralja Petra Prvog,2
1288,Branislava Cige Jerinića,2
1287,Put Za Ovču,2
1286,Put Za Ovču,2
953,Železnik (Zlatanovići),2
1152,Bežanijska Kosa /Groblje/,2
1154,Zelengorska,2
1063,Milutina Milankovića,2
1472,Prokop,2
1662,Drage Vukićević,2
923,Ostružnica 2,2
1576,Mz Pinosava,2
1657,Mz Rušanj,2
1340,Železnička Stanica Rakovica,2
1658,Like Ružića,2
1468,Svetosavska,2
1659,Like Ružića,2
924,Pećani,2
1065,Blok 24,2
1660,13. Septembar,2
1295,Ovča /Ulaz/,2
1294,Ovča /Ulaz/,2
1066,Blok 24,2
1306,Put Za Železnik,2
1470,Mali Lug,2
1661,Drage Vukićević,2
1663,Oslobođenja 1,2
791,Đerdapska,2
1689,Nasipska Čuvarnica,2
794,Škola Vojislav Ilić,2
793,Škola Vojislav Ilić,2
1155,Zelengorska,2
1686,Preliv,2
1687,Preliv,2
1688,Nasipska Čuvarnica,2
1690,Japanski Cvet,2
899,Oš Đura Jakšić,2
1156,Kbc Bežanijska Kosa,2
1203,Milana Ajvaza,2
959,Novi Železnik,2
1691,Japanski Cvet,2
1157,Bežanijska Kosa,2
964,Narodnih Heroja,2
1682,Hala Aleksandar Nikolić,2
1680,Oš Petar Kočić,2
1664,Oslobođenja 1,2
1670,Olge Jovičić,2
954,Braće Mitrović ,2
1665,Oslobođenja 2,2
1666,Oslobođenja 2,2
955,Braće Mitrović ,2
1476,Duboko,2
1669,Orlovača Groblje,2
958,Novi Železnik,2
795,Zvezdara,2
1672,Milana Zečara,2
1673,Augusta Šenoe,2
1674,Augusta Šenoe,2
1675,Put Za Kotež,2
1676,Put Za Kotež,2
1205,Valjevskog Odreda,2
1577,Mz Pinosava,2
1578,Oš Vasa Čarapić,2
1579,Oš Vasa Čarapić,2
1621,Sremčica /Ulaz/,2
881,Belo Vrelo,2
880,Crveno Barjače,2
879,Crveno Barjače,2
878,Zdravka Jovanovića,2
877,Zdravka Jovanovića,2
869,Trošarina,2
1623,Šumske Ekonomije,2
883,Bele Vode,2
1304,Ovča /Železnička Stanica/,2
1303,Železnicka Rampa,2
1302,Železnicka Rampa,2
1301,Ovča /Beogradska/,2
1625,Obrenovačka,2
1299,Žarka Zrenjanina,2
882,Belo Vrelo,2
884,Bele Vode,2
1580,Zadruga,2
1449,Ulica Revolucije,2
897,Vidikovac,2
1341,Železnička Stanica Rakovica,2
1451,Begaljica,2
892,Ostružnica 1,2
1450,Ulica Revolucije,2
890,Ljubice Ivošević,2
1448,Zelengora,2
887,Nedeljka Gvozdenovića,2
888,Šavnička,2
1607,Kongrap,2
1608,Kongrap,2
1447,Zelengora,2
1446,Begaljica /Ulaz/,2
1445,Begaljica /Ulaz/,2
1627,Sremčica (Centar),2
847,Tunel Straževica,2
1629,Jeličićev Venac,2
1582,Groblje,2
1439,Bosansko Naselje,2
1438,15. Maja,2
1296,Ovča /Centar/,2
1437,15. Maja,2
915,Avalska,2
916,Avalska,2
1581,Zadruga,2
1444,Vinogradi,2
804,27. Marta,2
803,27. Marta,2
802,Cvijićeva,2
801,Cvijićeva,2
800,Hala Aleksandar Nikolić,2
1656,Mz Rušanj,2
1440,Bosansko Naselje,2
805,Pravni Fakultet,2
914,Novo Naselje,2
1441,Begaljički Most,2
1641,Sremčica,2
1639,Sremčica /Izlaz/,2
1637,Vašarska,2
1635,Mirkovićeva,2
913,Novo Naselje,2
1442,Begaljički Most,2
1443,Vinogradi,2
912,Dorćol /Src Milan Gale Muškatirović/,2
1297,Ovča /Centar/,2
1633,Tesarska,2
1298,V. Moštanica /Centar/,2
1631,Tomaška,2
846,Tunel Straževica,2
792,Đerdapska,2
898,Kanarevo Brdo /Dom Zdravlja/,2
968,Zeleni Venac,2
705,Kralja Radoslava,2
1201,Mihajla Šolohova,2
1018,Novi Železnički Most,2
1017,Železnički Most Sava,2
1016,Železnički Most Sava,2
1751,Đorđa Radovića,2
1749,Mz Jakovo,2
1519,Narodnog Fronta,2
1048,Autoput,2
1049,Autoput,2
1369,Izvorska,2
1370,Izvorska,2
1371,Slanci /Škola/,2
1051,Blok 37,2
1372,Slanci /Škola/,2
1752,Đorđa Radovića,2
1373,Veterinarska Stanica,2
1374,Veterinarska Stanica,2
1521,Naselje Klenak,2
1522,Naselje Klenak,2
1523,Lipovačka,2
1375,Teslina,2
1376,Teslina,2
1015,Most Gazela,2
708,Pogon Kosmaj,2
1014,Most Gazela,2
1013,Slavka Šlandera,2
1012,Slavka Šlandera,2
1008,Njegoševa,2
1194,Zemun /Bačka/,2
1753,Oslobođenja,2
1480,Ritopek /Škola/,2
1047,Uprava Carine,2
1042,Robni Terminal,2
1044,Fontana,2
1025,Toplana,2
1795,Bečmen /Centar/,2
1794,Bečmen /Centar/,2
1024,Gp Rad,2
1793,Maksin Sokak,2
1792,Maksin Sokak,2
1023,Gp Rad,2
1791,Bečmen Naselje,2
1790,Bečmen Naselje,2
1045,Bulevar Zorana Đinđića,2
1046,Uprava Carine,2
1366,Lešće /Groblje/,2
1754,Oslobođenja,2
1367,Slanci /Ulaz/,2
1368,Slanci /Ulaz/,2
1021,Jrb,2
640,Agro-Koka,2
1365,Lešće /Ulaz/,2
1364,Lešće /Ulaz/,2
1020,Jrb,2
663,Vojvode Dobrnjca,2
664,Vojvode Dobrnjca,2
665,Gundulićev Venac,2
666,Gundulićev Venac,2
1019,Novi Železnički Most,2
1755,Jakovo,2
1377,Omladinska,2
1520,Narodnog Fronta,2
742,Senjačka,2
1378,Omladinska,2
1380,Mz Veliko Selo,2
779,Krajiška,2
1003,Bulevar Kneza Aleksandra Karađorđevića,2
733,Kozjačka,2
736,Topčiderska Zvezda,2
737,Topčiderska Zvezda,2
738,Vase Pelagića,2
739,Vase Pelagića,2
1478,Ritopek /Ulaz/,2
992,Robni Terminal,2
778,Krajiška,2
1183,Dobrivoja Jovanovića,2
1182,Zemun /Bačka/,2
740,Vojislava Vučkovića,2
741,Vojislava Vučkovića,2
768,Ugrinovačka,2
1062,Španskih Boraca,2
743,Topčidersko Brdo /Senjak/,2
744,Konjarnik,2
993,Bežanijska Kosa /Groblje/,2
765,Dušanova,2
766,Dušanova,2
1004,Bulevar Kneza Aleksandra Karađorđevića,2
1379,Mz Veliko Selo,2
1381,Veliko Selo,2
1173,Pijaca Blok 44,2
722,Baje Pivljanina,2
784,Beogradska Arena,2
787,Mihajla Gavrilovića,2
783,Beogradska Arena,2
789,Maksima Gorkog,2
1172,Pijaca Blok 44,2
781,Železnička Stanica Zemun,2
782,Železnička Stanica Zemun,2
786,Mihajla Gavrilovića,2
780,Atanasija Pulje,2
723,Baje Pivljanina,2
2777,Dedinje (Ortopedska Bolnica),1
2809,1. Nova,1
2731,Janković Kraj,1
1332,Rafinerija,1
2730,Janković Kraj,1
2729,Zaklopača (Ćelije),1
2807,Pošta,1
2740,Vrčin ,1
2808,1. Nova,1
1331,Rafinerija,1
2806,Pošta,1
2738,Vrčin (Ivo Lola Ribar),1
2770,Cvećara,1
2739,Vrčin ,1
2734,Vrčin Gornji Kraj,1
2799,Zemljoradnička (Izlaz) - Osečinska,1
2802,Mz Resnik,1
2733,17. Januara,1
2805,Petrovdanska,1
2804,Petrovdanska,1
2774,Saveza Boraca 1,1
1330,Hidrotehnika,1
1325,Politika,1
2732,17. Januara,1
2800,Zemljoradnička (Izlaz) - Osečinska,1
2773,Saveza Boraca 1,1
2776,Tc Zmaj,1
2736,Vrčin - Nadvožnjak,1
2737,Vrčin - Nadvožnjak,1
2772,Beli Potok (Igralište),1
2735,Vrčin Gornji Kraj,1
2801,Podavalska (Izlaz),1
2759,Naselje Belvil,1
2741,Pavićevac 2,1
2798,Rakovica Selo (Gornji Kraj),1
1333,Janko Lisjak,1
1334,Blok Braća Marić,1
1335,Progres,1
1336,Janko Lisjak,1
1329,Hidrotehnika,1
2751,Ristin Potok,1
2763,Novi Beograd (Ušće),1
2762,Novi Beograd (Blok 20),1
1339,Košutnjak,1
2788,Živača,1
2753,Vinjage,1
2787,Živača,1
2754,Pogon Kosmaj,1
2786,Pumpa,1
2785,Pumpa,1
2761,Novi Beograd (Blok 20),1
1326,Politika,1
1338,Busije 1,1
2760,Novi Beograd (Blok 20),1
1337,Blok Braća Marić,1
2757,Metro,1
2782,Omladinska,1
2781,Omladinska,1
2789,Zemljoradnička (Ulaz),1
2794,Zabran Torlak,1
2778,Dedinje (Ortopedska Bolnica),1
2742,Pavićevac 2,1
2743,Velika Moštanica - M,1
2758,Metro,1
2797,Rakovica Selo (Gornji Kraj),1
2744,Lipovica (Policija),1
2745,Lipovica (Policija),1
2796,Zemljoradnička (Put Za Deponiju),1
2795,Zemljoradnička (Put Za Deponiju),1
2793,Zabran Torlak,1
2771,Cvećara,1
2779,Miloja Đaka,1
2792,Đurđevdanska,1
2746,Put Za Crvenku,1
2747,Put Za Crvenku,1
2780,Miloja Đaka,1
2791,Đurđevdanska,1
2790,Zemljoradnička (Ulaz),1
2748,Milošev Kladenac,1
2749,Milošev Kladenac,1
1796,Bečmenskih Ilegalaca,1
2699,Oš Nikola Tesla,1
2728,Zaklopača (Ćelije),1
2632,Naselje Mala Pruga,1
2630,Ugrinovački Put 26. Deo,1
2629,Ugrinovački Put 12. Deo,1
2628,Ugrinovački Put 12. Deo,1
2627,Epš Milutin Milanković,1
2626,Ljiljane Krstić,1
2625,Vinogradska (Surčin Naselje),1
2624,Vinogradska (Surčin Naselje),1
2623,Karaula,1
2622,Srednji Kraj,1
2621,Srednji Kraj,1
2620,Miodraga Vukovića,1
2619,Miodraga Vukovića,1
2618,Taborište,1
2617,Rasinska,1
2616,Oš Vladimir Rolović,1
2631,Ugrinovački Put 26. Deo,1
2633,Naselje Mala Pruga,1
1343,Balkan,1
2634,Umka - Centar,1
2649,Pukovnika Petra Mišića,1
2648,Generala Vladimira Kondića,1
2647,Generala Vladimira Kondića,1
2646,Generala Štefanika,1
2645,Generala Štefanika,1
2644,Naselje Stepa Stepanović,1
2643,Rucka /Okretnica/,1
2642,Rucka 4,1
2641,Rucka 4,1
2640,Rucka 3,1
2639,Rucka 3,1
2638,Rucka 2,1
2637,Rucka 2,1
2636,Rucka 1,1
2635,Rucka 1,1
2615,Radiofar,1
2614,Svetog Save,1
2613,Dom Garde,1
2612,Kosovke Devojke,1
2589,Surčin Naselje (Ulaz),1
2588,Surčin Naselje (Ulaz),1
2587,Silosi,1
2586,Silosi,1
2585,Kanal Galovica,1
2584,Kanal Galovica,1
2583,Mz Novi Surčin,1
2582,Mz Novi Surčin,1
2581,Go Surčin (Ulaz),1
2580,Go Surčin (Ulaz),1
2579,Vodeničarska,1
2578,Vodeničarska,1
2577,Mz Ledine,1
2576,Mz Ledine,1
2575,Vinogradska (Ulaz),1
2590,Ritska Ulica,1
2591,Ritska Ulica,1
2592,Dragomira Momčilovića,1
2605,Ševino Polje,1
2611,Nemanjina,1
2610,Nemanjina,1
2609,Koste Abraševića,1
2608,Koste Abraševića,1
2607,Miloša Crnjanskog,1
2606,Miloša Crnjanskog,1
2604,Ševino Polje,1
2593,Dragomira Momčilovića,1
2603,Ikarbus,1
2602,Ikarbus,1
2599,Topola,1
2598,Oš Jovan Sterija Popović,1
2597,Bulevar Crvene Armije,1
2594,Surčin (Centar),1
2650,Pukovnika Petra Mišića,1
2651,Timočke Divizije,1
2652,Timočke Divizije,1
2691,Zdravstvena St. Leštane I Vinča,1
2707,Pošta,1
2706,Pošta,1
2705,Leštane (Centar),1
2704,Leštane (Ravan),1
2703,Kremenje,1
2702,Kremenje,1
2701,Ravan (Ulaz),1
2700,Ravan (Ulaz),1
2811,6. Nova,1
2698,Oš Nikola Tesla,1
2697,Miodraga Pešića,1
2696,Miodraga Pešića,1
2695,Privredna Zona,1
2694,Privredna Zona,1
2693,Prvomajska,1
2708,Saveza Boraca,1
2709,Saveza Boraca,1
2710,Beli Potok /Naselje Kolonija/,1
2719,Pavićevac 1,1
2725,Borča 3,1
2724,Borča 3,1
2723,Dinarska,1
2722,Prnjavor /Škola/,1
2721,Pavićevac 3,1
2720,Pavićevac 3,1
2718,Pavićevac 1,1
2711,Beli Potok /Naselje Kolonija/,1
2717,Put Za Aluge,1
2716,Put Za Aluge,1
2715,Trešnja /Okretnica/,1
1344,Balkan,1
1345,Radiostanica,1
1346,Radiostanica,1
2692,Prvomajska,1
2690,Vinogradska (Plandište),1
2653,Oš Danilo Kiš,1
2689,Vinogradska (Plandište),1
2670,Miljakovačke Staze 2,1
2669,Miljakovačke Staze 2,1
2668,Miljakovačke Staze 1,1
2667,Miljakovačke Staze 1,1
2666,Miljakovac 3,1
2665,Miljakovački Izvori,1
1352,Sibnica,1
1353,Mz Reva /Mali Raj/,1
1355,Gilino Voće,1
2661,Polimark,1
2660,Polimark,1
2659,Privredna Zona (Izlaz),1
2656,Đurđevdan,1
2655,Đurđevdan,1
2654,Oš Danilo Kiš,1
1351,Sibnica,1
2672,Grmovac (20.Nova),1
2673,Grmovac (20.Nova),1
2682,Mz Ripanj,1
2688,Ripanj /Groblje/,1
2687,Put Za Nestoroviće,1
2686,Put Za Nestoroviće,1
2685,Put Za Kalajdžiće,1
2684,Put Za Kalajdžiće,1
2683,Mz Ripanj,1
1347,Naselje Ilić,1
1350,Deseti Kilometar,1
1348,Naselje Ilić,1
2679,Novo Naselje (Rušanj),1
2678,Put Za Ćumurane,1
2677,Put Za Ćumurane,1
1349,Deseti Kilometar,1
2675,Naučno-Tehnološki Park ,1
2810,6. Nova,1
2869,Šljivarska,1
2812,Institut Jaroslav Černi,1
3036,Cerska,1
3034,Rifata Burdževića,1
3033,Dragoljuba Stojanovića,1
3032,Kaluđerica (Višnjićeva),1
3031,Dragoljuba Stojanovića,1
3030,Rifata Burdževića,1
3029,Meše Selimovića,1
3028,Cerska,1
3027,Vojina Jugovića,1
1282,Veliki Kanal,1
3025,Brzačka,1
3024,Brzačka,1
3023,Žička,1
3022,Don Kihotova,1
3021,Park Ključ,1
3020,Jakovička Src ,1
3035,Meše Selimovića,1
3037,Vojina Jugovića,1
3055,Koste Trifkovića,1
3038,Kaluđerica (Put Za Institut),1
3053,Budmanijeva,1
3052,Deskaševa,1
3051,Deskaševa,1
3050,"Studenski Dom ""Rifat Burdžević""",1
3049,"Studenski Dom ""Rifat Burdžević""",1
3048,Oš Veljka Dugoševića,1
3047,Oš Veljko Dugošević,1
1280,Vuka Karadžića,1
3045,Mlavska,1
3044,Tc Zmaj,1
3043,Železnička Stanica Zemun,1
3042,Železnička Stanica Zemun,1
1281,Veliki Kanal,1
3040,Kalemegdan,1
3039,Cara Uroša,1
1283,Pumpa,1
3018,Muzej Savremene Umetnosti,1
3017,Muzej Savremene Umetnosti,1
1284,Pumpa,1
2989,Moračko Brdo,1
2988,Moračko Brdo,1
2987,Brestovačka,1
2986,Brestovačka,1
2985,8. Septembra,1
2984,8. Septembra,1
2983,Pašinac,1
2982,Pašinac,1
2981,Dr Aćima Medovića,1
2980,Dr Aćima Medovića,1
2977,Vojvode Vlahovića (Terminus),1
2976,Vojvode Vlahovića (Terminus),1
2975,Miljana Miljanića,1
2974,Mate Miloševića,1
2973,Oš Vladislava Petković,1
2990,Milorada Živkovića,1
2991,Milorada Živkovića,1
2992,Jove Mitrovića,1
3001,Narednika Dragutina Radakovića,1
1285,Crvenka,1
3014,Beograd Na Vodi,1
3005,Zvezdarskih Jelki,1
3004,Zvezdarskih Jelki,1
3003,Ntp Ulaz,1
3002,Ntp Ulaz,1
3000,Narednika Dragutina Radakovića,1
2993,Jove Mitrovića,1
2999,Veselina Čajkanovića,1
2998,Rušanj (Drobnjački Kraj),1
2997,Drobnjački Kraj 1,1
2996,Drobnjački Kraj 1,1
2995,Drobnjački Kraj 2,1
2994,Drobnjački Kraj 2,1
3054,Koste Trifkovića,1
3056,Ilidenska,1
2971,Milana Grigorijevića,1
3111,Ralja /Robna Kuća/,1
3109,Železnička Stanica Beograd Centar,1
1240,Blok 72,1
1239,Blok 72,1
3106,Mileševska,1
1231,Petrovčić,1
1263,Besni Fok,1
1264,Besni Fok,1
1265,Ambulanta,1
1266,Ambulanta,1
1267,Vodovodna Stanica,1
3099,Azil Za Pse,1
3098,Miodraga Bulatovića,1
3097,Rakovački Potok,1
3096,Azil Za Pse,1
1268,Vodovodna Stanica,1
3110,Železnička Stanica Beograd Centar,1
3112,Ralja /Robna Kuća/,1
3057,Ilidenska,1
3113,Barajevo - Centar,1
3128,Manastir,1
3127,Stara Lipovica - Okretnica,1
3126,Simić - R,1
3125,Simić - R,1
3124,Petkovići Raskrsnica,1
3123,Petkovići Raskrsnica,1
3122,Petkovići - Trafo,1
3121,Petkovići - Trafo,1
3120,Kuzmanovići R,1
3119,Kuzmanovići R,1
3118,Karaula R,1
3117,Barajevo As,1
3116,Barajevo (Miodraga Vukovića),1
3115,Barajevo (Miodraga Vukovića),1
3114,Barajevo - Centar,1
1269,Vrbovski (Ulaz),1
1270,Vrbovski (Ulaz),1
1271,Vrbovski,1
3091,Savski Trg,1
1276,Mihaila Bulgakova,1
1277,Branka Radičevića,1
1278,Branka Radičevića,1
1279,Vuka Karadžića,1
3068,Mirka Sandića,1
3067,Mirka Sandića,1
3066,Oš Stevan Sinđelić,1
3065,Oš Stevan Sinđelić,1
3064,Mihaila Todorovića,1
3063,Mihaila Todorovića,1
3062,Zeleno Brdo,1
3061,Zabrđanska,1
3060,Zabrđanska,1
3059,Lošinjnska Donja,1
3058,Lošinjska Donja,1
3073,Preka Kaldrma,1
3074,Džona Kenedija 1,1
3075,13.Oktobra,1
3084,Vareška,1
1272,Mihaila Bulgakova,1
1273,Sonje Marinković,1
1274,Valjevskog Odreda,1
3087,Trg Slavija,1
3086,Careva Ćuprija,1
3085,Careva Ćuprija,1
3083,Vareška,1
3076,13.Oktobra,1
1275,Trg Oslobođenja,1
3081,Studentski Trg,1
3080,Milorada Jankovića Doce,1
3079,Milorada Jankovića Doce,1
3078,Jna,1
3077,Boleč,1
2972,Vladimira Dvornikovića,1
2970,Barutana,1
1324,Progres,1
1309,Kovilovo 2,1
1311,Put Za Jabučki Rit,1
2864,Šljivarska,1
2863,Brdska,1
2862,Torlački Vis,1
2861,Olimpska,1
2860,Vukosave Oljače,1
2859,Donje Naselje,1
2858,Milutina Miljkovića,1
2857,Ane Dobeš,1
2856,Milke Bosnić,1
2855,Olge Jojić,1
2854,Timočki Put (Izlaz),1
2853,Timočki Put (Izlaz),1
2852,Put Za Zabran,1
2851,Put Za Zabran,1
1310,Kovilovo 2,1
1308,Kovilovo 1,1
1307,Kovilovo 1,1
2573,Žikina (Prilaz),1
2884,Timočki Put 1.Deo,1
2883,Trebež (Okretnica),1
2882,29.Novembra,1
2881,29.Novembra,1
2880,Timočki Put,1
2879,Timočki Put,1
2878,Olge Jojić,1
2877,Milke Bosnić,1
2876,Ane Dobeš,1
2875,Milutina Miljkovića,1
2874,Donje Naselje,1
2873,Vukosave Oljače,1
2872,Olimpska,1
2871,Torlački Vis,1
2870,Brdska,1
2850,Palanački Potok,1
2849,Palanački Potok,1
2848,Oklisak - Trafo,1
2847,Oklisak - Trafo,1
2828,Živojina Tabakovića (Srednji Kraj),1
2827,Živojina Tabakovića (Srednji Kraj),1
2826,Fk Moštanica,1
2825,Fk Moštanica,1
2824,Tranšped,1
2823,Astrid Lindgren,1
2822,Ikea,1
2821,Vladimira Tomanovića,1
1320,Radenska Bara,1
2819,Epš Milutin Milanković,1
1321,Mašinski Park,1
1322,Mašinski Park,1
2816,Bečmen (Izlaz),1
2815,Bečmen (Izlaz),1
1323,Jabučki Rit,1
1319,Radenska Bara,1
2830,Edvarada Griga (Ulaz),1
1318,Stari Aerodrom,1
1312,Put Za Jabučki Rit,1
2846,Timočki Put (Srednji Deo),1
2845,Timočki Put (Srednji Deo),1
2844,Livadice,1
2843,Livadice,1
2842,Timočki Put 2. Deo,1
2841,Timočki Put 2. Deo,1
1313,Štale Pkb,1
1317,Stari Aerodrom,1
1314,Štale Pkb,1
1315,Glogonjski Rit,1
2836,Moštanička (Novo Naselje),1
2835,Moštanička (Novo Naselje),1
2834,Velika Moštanica (Živojina Tabakovića),1
1316,Glogonjski Rit,1
2885,Timočki Put 1.Deo,1
2888,Resnik (Železnička Pruga),1
2969,Bilce,1
2950,Susedgradska,1
2948,Bože Jeremića,1
2947,Bože Jeremića,1
2946,Sretena Mladenovića Mike,1
44,Dinarska,1
2942,Pinosava,1
2941,Donji Kraj,1
2940,Donji Kraj,1
53,Tašmajdan /Park/,1
1300,Stanićeva,1
2932,Petlja Radnička,1
1305,Zrenjaninski Put,1
2930,Živka Davidovića,1
2929,Živka Davidovića,1
2928,Medaković 2,1
2927,Španskih Boraca,1
2949,Susedgradska,1
2951,Vidikovačka,1
2889,Resnik (Železnička Pruga),1
2952,Resnički Put,1
2968,Mitkov Kladenac,1
2967,Mitkov Kladenac (Izlaz),1
2966,Stražarska Kosa ,1
2965,Gaj,1
2964,Jovijanova,1
2963,Novo Naselje,1
2962,Vladimira Ćorovića (Ulaz),1
2961,Lepenskog Vira,1
2960,Mz Vml,1
2959,Branislava Jovanovića,1
2957,Trg Slavija,1
2956,Jerusalimska,1
2955,Orlovac,1
2954,Orlovac,1
2953,Resnički Put,1
2926,Katice Opačić 1,1
2925,Miljakovac 3,1
2924,Železnička Stanica Topčider,1
2923,Vrtić,1
2904,Novobeogradskih Graditelja,1
2903,Staro Kijevo,1
2902,Fudbalsko Igralište,1
2901,Fudbalsko Igralište,1
2900,Železnički Most,1
2899,Železnički Most,1
2898,Proleterska (Ulaz),1
2897,Proleterska (Ulaz),1
2896,Letićeva,1
2895,Letićeva,1
2894,Resnik (Patin Majdan),1
2893,Nova 3 - Prilaz,1
2892,Nova 3 - Prilaz,1
2891,Delovi - Prilaz,1
2890,Delovi - Prilaz,1
2905,Novobeogradskih Graditelja,1
2906,Stepenice,1
2907,Stepenice,1
2916,Ličkih Brigada,1
2922,Vrtić,1
2921,Braće Jeremića,1
2920,Braće Jeremića,1
2919,Rađevska,1
2918,Rađevska,1
2917,Ličkih Brigada,1
2915,Nemanjina 1,1
2908,Topčiderska Reka - Prilaz,1
2914,Nemanjina 2,1
2913,Kralja Petra I,1
2912,Vasilija Ostroškog,1
2911,Milana Konjovića ,1
2910,Patrijarha Pavla,1
2909,Topčiderska Reka - Prilaz,1
2574,Vinogradska (Ulaz),1
2463,Šumsko Gazdinstvo,1
2572,Žikina (Prilaz),1
2065,Vinogradski Venac,1
419,Omladinskih Brigada 1,1
2073,Široka Greda,1
432,13. Maj /Ulaz/,1
2068,Cerski Venac,1
2067,Cerski Venac,1
2066,Vinogradski Venac,1
2064,Vrtić Plava Ptica,1
2051,Slovačko Groblje,1
2063,Vrtić Plava Ptica,1
2062,Kosmajska,1
1643,Vidikovac,1
806,Kosmajska,1
2055,Mostogradnja,1
2054,Mike Alasa,1
2078,Prilivak,1
2079,Prilivak,1
848,Resnik /Ulaz/,1
867,Bulevar Peka Dapčevića,1
2083,Bore Stankovića,1
2084,Bore Stankovića,1
2085,Druga Nova,1
2086,Druga Nova,1
2088,Mz Jakovo,1
868,Bulevar Peka Dapčevića,1
2097,Braće Srnić,1
2098,Braće Srnić,1
2099,Mostogradnja,1
2104,Nadvožnjak,1
2105,Nadvožnjak,1
2106,Dom Zdravlja,1
1609,Ivo Lola Ribar,1
1647,Grmovac /Ulaz/,1
2050,Slovačko Groblje,1
2112,Crkva,1
2015,Živača /Izlaz/,1
458,Cvijićeva,1
2020,Progar /Centar/,1
2019,Progar /Ulaz/,1
2018,Progar /Ulaz/,1
2017,Bojčinska Šuma,1
2016,Bojčinska Šuma,1
2014,Živača /Izlaz/,1
1648,Put Za Dunavac,1
2013,Živača Ribnjak,1
2012,Živača Ribnjak,1
2011,Boljevci /Izlaz/,1
2010,Boljevci /Izlaz/,1
2009,Boljevci /Centar/,1
2008,Boljevci /Centar/,1
2023,Stari Vinogradi,1
2025,Buljubašine Vode,1
2027,Veliki Mokri Lug,1
2029,Medaković 3,1
2030,Vikend Naselje 1,1
2031,Vikend Naselje 1,1
457,Peta Ekonomska,1
456,Karaburma 2,1
2034,Zmaj Ognjenog Vuka,1
2035,Zmaj Ognjenog Vuka,1
454,Učiteljsko Naselje,1
453,Učiteljsko Naselje,1
452,Budvanska,1
451,Budvanska,1
450,Rudo,1
449,Rudo,1
1649,Grmovac /Ulaz/,1
2111,Crkva,1
2113,Ljube Rankovića,1
2213,Petrovića Brdo,1
2176,Petrovića Brdo,1
2182,Žarkovačka,1
2181,Petra Martinovića,1
2180,Naselje Golf,1
2179,Kneza Višeslava,1
2178,Stovarište,1
2177,Stovarište,1
2175,Milorada Ćirića,1
2167,Vodovod,1
300,Karaburma 2,1
933,Umka - Karađorđeva,1
341,Antifašističke Borbe,1
932,Umka - Izlaz,1
345,Konjarnik,1
925,Umka - Centar,1
2183,Kraljice Katarine,1
2184,Vrtić Košuta,1
2185,Mile Jevtović,1
2190,Glumčevo Brdo 1,1
2192,Veliki Mokri Lug (Izlaz),1
2195,Mz Kumodraž,1
967,Jkp Zelenilo Beograd,1
1549,Crkva,1
989,Hotel Nacional,1
2200,Veliki Mokri Lug (Ulaz),1
2201,Zvezdara,1
990,Hotel Nacional,1
991,Jkp Zelenilo Beograd,1
994,Cvijićeva,1
1005,Aerodrom Nikola Tesla,1
282,Prilaz,1
275,Sremčica,1
2168,Vodovod,1
2166,Taložnik,1
2114,Ljube Rankovića,1
906,Vijadukt,1
2133,Stari Železnik,1
2132,Trafostanica,1
2131,Trafostanica,1
2130,Gradine,1
2129,Gradine,1
907,Usek,1
905,Vijadukt,1
2165,Taložnik,1
2125,Bitoljska,1
2123,Beli Potok,1
895,Kosmajska,1
893,Zeleni Venac,1
891,Ljubice Ivošević,1
889,Šavnička,1
908,Usek,1
1592,Padinska Skela 1,1
909,Petlovo Brdo,1
910,Petlovo Brdo,1
911,Dorćol /Src Milan Gale Muškatirović/,1
2139,Školsko Dobro,1
2142,Volgina,1
2143,Volgina,1
391,Zemun /Gornji Grad/,1
2150,Rasinska,1
2151,Jedanaeste Krajiške Divizije,1
2152,Železnik /Tariš/,1
922,Privredna Zona Makiš,1
2159,Pkb Kovilovo,1
2162,Oš Vladimir Rolović,1
2163,Reni Bunar,1
2164,Reni Bunar,1
2007,Relje Oparušića,1
2006,Relje Oparušića,1
2005,Ribarska,1
1857,Velika Moštanica - M,1
1864,Kolonija,1
1863,Kolonija,1
696,Mirijevo 3,1
684,Železnička Stanica Dunav,1
682,Klanički Kej,1
681,Klanički Kej,1
680,Viline Vode,1
1846,Novi Beograd /Blok 72/,1
679,Viline Vode,1
678,Knežopoljska,1
677,Knežopoljska,1
676,Tempo,1
1850,13. Maj,1
1849,Josipa Telarevića,1
1865,"Src ""Surčin"" /Ulaz/",1
1866,Mali Trafo,1
1867,Matice Srpske,1
1868,Matice Srpske,1
1869,Privredna Zona Makiš,1
1870,Veliki Trafo,1
1871,Radovanovićevo,1
1872,Blok 63,1
1873,Blok 63,1
1874,Lipovačka,1
1876,Mike Alasa,1
710,Vatrosprem,1
711,Vatrosprem,1
1879,Baza Voždovac,1
1880,Stanićeva,1
712,Cvetna,1
713,Kumodraž 1,1
1848,Mali Trafo,1
1845,Privredna Zona (Ulaz),1
2004,Ribarska,1
596,Mirijevo,1
613,Medaković 2,1
612,Umljenovićeva,1
611,Umljenovićeva,1
610,Katarine Ivanović,1
609,Katarine Ivanović,1
571,Nedeljka Gvozdenovića,1
1804,Petrovčić,1
1844,Svetozara Papića,1
1803,Petrovčić /Centar/,1
1802,Petrovčić /Centar/,1
1801,Petrovčić /Ulaz/,1
1800,Petrovčić /Ulaz/,1
1799,Bečmen Ekonomija,1
1798,Bečmen Ekonomija,1
614,Medaković 2,1
616,Mz Makiš,1
1820,Radovanovićevo,1
1821,Veliki Trafo,1
1822,Busije,1
617,Mz Makiš,1
1824,Busije 2,1
1825,Busije 2,1
652,Src Makiš,1
1828,Grobljanska,1
1829,Grobljanska,1
662,Šesti Prilaz,1
674,Žel. St. Dunav -Okretnica,1
675,Luka Beograd,1
1841,Milice Šuvaković,1
1842,Milice Šuvaković,1
1843,Svetozara Papića,1
720,Šolina,1
721,Šolina,1
1730,Src Surčin,1
1976,Glumčevo Brdo /Gorčinac/,1
1986,Zuce /Prodavnica/,1
1985,Zuce /Prodavnica/,1
1984,Zuce (Ulaz),1
1983,Zuce (Ulaz),1
1982,Put Za Zuce,1
1981,Put Za Zuce,1
798,Dušana Radovića,1
1729,Rasadnik,1
797,Dušana Radovića,1
1671,Crkva,1
796,Zvezdara,1
1678,Src  Surčin (Ulaz),1
1685,Put Za Dunavac,1
502,Tašmajdan,1
1987,Zuce /Ambulanta/,1
1988,Zuce /Ambulanta/,1
1989,Zuce /Centar/,1
1990,Zuce /Centar/,1
1991,Zuce /Crkva/,1
1992,Zuce /Crkva/,1
1993,Zuce /Brđani 1/,1
1994,Zuce /Brđani 1/,1
1995,Zuce /Brđani 2/,1
1996,Zuce /Brđani 2/,1
1997,Zuce,1
1998,Jakovo Čelik,1
1999,Jakovo Čelik,1
2000,Boljevci /Zapis/,1
2001,Boljevci /Zapis/,1
2002,Šest Topola,1
2003,Šest Topola,1
503,Tašmajdan,1
504,Cvetni Trg,1
1692,Dunavac,1
1915,Seme,1
1887,Centroprom,1
1889,Mz Železnik,1
1890,Mz Železnik,1
1892,V. Moštanica - Ekonom.,1
1893,V. Moštanica - Crkva,1
724,Dedinje /Ortopedska Bolnica/,1
725,Dedinje /Ortopedska Bolnica/,1
726,Šesti Prilaz,1
1902,Pećani /Škola/,1
1903,Blagoja Rankovića,1
1904,Umka - Karađorđeva,1
1905,Umka-Izlaz,1
518,Zemun (Novi Grad),1
1914,Seme,1
1916,Beogradelektro,1
1693,Studentski Grad,1
1917,Beogradelektro,1
1918,Jugolek,1
1919,Jugolek,1
1922,Makiška,1
1923,Makiška,1
1924,Mz Makiš,1
514,Src Makiš,1
511,Neimar,1
510,Internacionalnih Brigada,1
1932,Garaža Novi Beograd,1
1938,Đure Gajića,1
507,Smiljanićeva,1
506,Smiljanićeva,1
505,Cvetni Trg,1
1531,Zvezdara /Pijaca/,1
2214,Okretnica /Česma/,1
2571,Pećani (Groblje),1
2451,Pivljanina Baje 1,1
2460,Karagačka,1
2459,Karagačka,1
1151,Nedeljka Gvozdenovića,1
1138,Batajnica /Železnička Rampa/,1
1136,Batajnica (Centar),1
1093,Naselje Mileva Marić Ajnštajn,1
2450,Ralja /Trafo/,1
2441,Abebe Bikila,1
1091,Koste Živkovića,1
1090,Hasanaginica,1
1089,Naselje Mileva Marić Ajnštajn,1
2445,Altina,1
2444,Viktora Starčića,1
2443,Pavla Vujisića,1
2461,Bečmen /Zabran/,1
2462,Bečmen /Zabran/,1
1797,Bečmenskih Ilegalaca,1
2464,Šumsko Gazdinstvo,1
2467,Trešnja (Škola),1
2468,Trešnja /Koviona/,1
1158,Dom Penzionera,1
1164,Raška Dimitrijevića,1
1165,Raška Dimitrijevića,1
1166,Vojvođanska,1
1168,V. Moštanica - Ekonom.,1
1169,Vojvođanska,1
2477,Kasarna /Glavni Ulaz/,1
2478,Kasarna /Glavni Ulaz/,1
2479,13.Oktobra,1
2480,13.Oktobra,1
2481,Livnica,1
2442,Zire Adamović,1
2440,Dobanovački Put,1
2483,Ralja /Centar/,1
2415,Mile Jevtović,1
2421,Grmovac /Crkva/,1
2420,Grmovac,1
2419,Grmovac,1
1068,Jurija Gagarina,1
2417,Bulevar Peka Dapčevića,1
2416,Bulevar Peka Dapčevića,1
2414,Vrtić Bajka,1
1081,V. Moštanica - Crkva,1
2413,Preka Kaldrma,1
1067,Zeleni Venac,1
193,Rimska,1
2406,Naučno-Tehnološki Park ,1
2405,"Oš ""1300 Kaplara""",1
196,Marčanska,1
2422,Grmovac /Crkva/,1
2423,Stanka Koraća,1
2424,Trandafila Duke,1
2425,Sekule Vitkovića,1
2426,Dr Laze Kostića,1
2427,Stefana Kneževica,1
1069,Jurija Gagarina,1
2429,Aerodrom Batajnica,1
1070,Blok 70 -Okretnica,1
2431,Go Vračar,1
2432,Go Vračar,1
1071,Blok 70,1
2434,Oficirska Kolonija,1
2435,Oficirska Kolonija,1
2436,Moma Stanojlović,1
2437,Moma Stanojlović,1
1080,Pećani /Škola/,1
2482,Livnica,1
2484,Ralja /Centar/,1
2215,Oš Karađorđe,1
2544,Glumčevo Brdo /Škola/,1
2550,Vojvode Vlahovića,1
2549,Vojvode Vlahovića 1,1
2548,Vojvode Vlahovića 1,1
2547,Vojvode Vlahovića,1
2546,Nenadovac 6,1
2545,Žikice Jovanovića,1
2543,Stevančevića Kraj,1
2535,Nenadovac 2,1
2542,Glumčevo Brdo 3,1
2541,Glumčevo Brdo 2,1
2540,Taborište,1
2539,Nenadovac,1
2538,Nenadovac 5,1
2537,Nenadovac 4,1
2551,Vojvode Vlahovića 2,1
2553,Boljevci (Ribolovački Klub),1
2554,Boljevci (Ribolovački Klub),1
2557,Sremčica /Ulaz/,1
2558,Velika Moštanica /Groblje/,1
2559,Velika Moštanica /Groblje/,1
2560,Velika Moštanica /Ulaz/,1
2561,Velika Moštanica /Izlaz/,1
2562,Dobrivoja Jovanovića 2.Deo,1
2563,Dobrivoja Jovanovića 2.Deo,1
2564,Dobrivoja Jovanovića /Igralište/,1
2565,Dobrivoja Jovanovića /Igralište/,1
2566,Mate Miloševića,1
2567,Miljana Miljanića,1
2568,Vojvode Vlahovića 2,1
2569,Milovana Vidakovića,1
2570,Pećani (Groblje),1
2536,Nenadovac 3,1
2534,Nenadovac 1,1
1174,Batajnica /Železnička Stanica/,1
2500,Ralja /Drumine/,1
2507,Mage Magazinović,1
2506,Prvomajska,1
2505,Oš Desanka Maksimović,1
2504,Oš Desanka Maksimović,1
2502,Široki Put,1
2501,Pivljanina Baje 1,1
2499,Ralja /Drumine/,1
2533,Brđanska,1
2498,Ralja /Trafo/,1
1187,Koste Živkovića,1
1186,Košutnjak,1
1184,Zeleni Venac,1
1179,Vrtić Milica,1
1178,Vrtić Milica,1
2508,Bosanska,1
2509,Dvadesetog Oktobra ,1
2510,Mali Mokri Lug (Crkva),1
2511,Narodnog Fronta,1
2512,Pijaca ,1
2515,Novosadska,1
2516,Katice Opačić,1
2517,Sibnička Nova 4. Deo,1
2518,Sibnička Nova 4. Deo,1
2519,Kolarska,1
2523,Železnik /Tariš/,1
2524,Đure Jakšića,1
2525,Đure Jakšića,1
2529,Milije Marinkovića,1
2530,Milije Marinkovića,1
2531,Gradine,1
2532,Gradine,1
197,Učiteljsko Naselje,1
202,13. Maj /Ulaz/,1
2398,Trešnja /Koviona/,1
1031,Dragiše Lapčevića,1
2288,Savke Subotić,1
2287,Prote Jeftimija Ivanovića,1
2286,Prote Jeftimija Ivanovića,1
2285,Busije /Ulaz/,1
2284,Ilije Stojadinovića,1
1043,Blagoja Rankovića,1
1030,Dragiše Lapčevića,1
1027,Zvezdara 2,1
1029,Institut Mihajlo Pupin,1
2274,Timočki Put,1
2273,Timočki Put,1
2272,Lipovački Put,1
2271,Lipovački Put,1
2270,Institut Za Kukuruz,1
2289,Stanka Opačića Ćanice,1
2290,Nikole Begovića,1
2291,Busije /Crkva/,1
2292,Dr Živka Bertića,1
2293,Zeleni Venac,1
2294,Progar /Centar/,1
2295,12. Avgusta,1
2296,12.Avgusta,1
2297,Progar,1
1054,Bulevar Zorana Đinđića,1
2302,Solunska,1
1055,Bulevar Zorana Đinđića,1
1056,Blok 29,1
1057,Blok 29,1
1058,Fakultet Dramskih Umetnosti,1
1059,Fakultet Dramskih Umetnosti,1
1060,Petra Drapšina,1
1028,Institut Mihajlo Pupin,1
2267,Reva /Duboka Bara/,1
2396,Miška Kranjca,1
2231,Batajnica /Železnička Stanica/,1
2238,Savska,1
2237,Lole Ribara,1
2236,Ostružnica /Karaula/,1
2235,Lole Ribara,1
2234,Savska,1
2233,Milana Rakića,1
1530,Zvezdara /Pijaca/,1
2266,Mz Reva /Mali Raj/,1
2221,Ostružnica /Novo Naselje/,1
2220,Novo Naselje /Ulaz/,1
2219,Novo Naselje /Ulaz/,1
2218,Stare Barake,1
2217,Stare Barake,1
2216,Oš Karađorđe,1
2240,Kružni Put,1
2241,Dugo Polje,1
2242,Grmovac /25.Nova/,1
2243,Jovana Brankovića,1
2247,Dobanovački Put,1
2249,Ljiljane Krstić,1
2251,Školsko Dobro,1
2252,Stanka Tišme,1
2253,Busije 1,1
2255,Braće Smiljanić,1
2256,Bosanske Krajine,1
2257,Altina,1
2258,Viktora Starčića,1
2259,Pavla Vujisića,1
2260,Zire Adamović,1
2261,Abebe Bikila,1
1026,Zvezdara 2,1
2310,Ostružnica /Centar/,1
2311,Ostružnica /Centar/,1
2312,Dom Zdravlja,1
1463,Dom Kulture,1
1457,Ulaz U Zaklopaču,1
1458,4. Jula,1
1459,4. Jula,1
1460,Trafostanica,1
1461,Trafostanica,1
1462,Dom Kulture,1
2364,Srednji Prnjavor,1
2313,Milovana Čelebića,1
2363,Srednji Prnjavor,1
1464,Crkva Sv. Trojice,1
1465,Crkva Sv. Trojice,1
1466,Zaklopača,1
2359,"Oš ""1300 Kaplara""",1
2358,Pivljanina Baje,1
1456,Ulaz U Zaklopaču,1
1455,Mostine,1
1454,Mostine,1
1453,Put Za Zaklopaču,1
1452,Put Za Zaklopaču,1
2380,Pilota Mihaila Petrovića,1
2381,Labudovo Brdo,1
2382,Labudovo Brdo,1
2387,Topčiderski Park,1
2388,Železnička Stanica Topčider,1
2389,Topčiderska Okretnica,1
2390,Topčiderska Okretnica,1
2391,Patrijarha Pavla,1
2392,Patrijarha Pavla,1
2393,Košutnjak,1
2394,Košutnjak,1
2395,Miška Kranjca,1
2357,Milana Blagojevića Španca,1
2356,Pere Velimirovića,1
2355,Milana Blagojevića Španca,1
2331,Kapija Šumadije,1
1061,Blok 28,1
2317,Miloja Zakića,1
2318,Dimitrija Avramovića,1
2319,Krajiške Brigade,1
2320,Blok 26,1
2321,Blok 26,1
2322,Matice Srpske /Pijaca/,1
2323,Matice Srpske /Pijaca/,1
2324,Lazara Trifunovića,1
2325,Lazara Trifunovića,1
2326,Novo Bežanijsko Groblje,1
2327,Novo Bežanijsko Groblje,1
2329,Put Za Zuce,1
2330,Put Za Zuce,1
2332,Kapija Šumadije,1
2354,Pivljanina Baje ,1
2333,Šuplja Stena,1
2334,Šuplja Stena,1
2335,Raskrsnica-Vrčin,1
2336,Raskrsnica-Vrčin,1
2337,Rasadnik,1
2338,Rasadnik,1
2339,Prnjavor /Ulaz/,1
2340,Prnjavor /Ulaz/,1
2342,Prnjavor /Škola/,1
2347,Trešnja /Škola/,1
2348,Kumodraž (Stepina Kuća),1
2350,Ripanj /Centar/,1
2351,Ripanj /Centar/,1
1467,Zaklopača,1
3129,Manastir,1
